a,1,0.0141924
na,2,0.0139671
ma,3,0.0094616
pa,4,0.0094616
ar,5,0.0081099
ge,6,0.0081099
or,7,0.0067583
da,8,0.0065330
oh,9,0.0058572
cha,10,0.0058572
al,11,0.0054066
no,12,0.0051813
la,13,0.0051813
sa,14,0.0049561
vor,15,0.0049561
ne,16,0.0045055
ah,17,0.0045055
ga,18,0.0045055
dah,19,0.0045055
ca,20,0.0045055
ges,21,0.0042802
gem,22,0.0042802
ox,23,0.0042802
pha,24,0.0042802
se,25,0.0040550
ax,26,0.0040550
on,27,0.0038297
vax,28,0.0038297
do,29,0.0033791
o,30,0.0033791
max,31,0.0033791
pah,32,0.0033791
mi,33,0.0031539
ol,34,0.0029286
nah,35,0.0029286
dan,36,0.0029286
va,37,0.0029286
var,38,0.0029286
ba,39,0.0027033
van,40,0.0027033
nor,41,0.0024780
noh,42,0.0024780
am,43,0.0024780
nax,44,0.0024780
ad,45,0.0022528
vox,46,0.0022528
go,47,0.0022528
dax,48,0.0022528
val,49,0.0022528
lan,50,0.0020275
cas,51,0.0020275
nox,52,0.0020275
vors,53,0.0020275
gas,54,0.0020275
gan,55,0.0020275
de,56,0.0020275
doh,57,0.0018022
mah,58,0.0018022
nol,59,0.0018022
pan,60,0.0018022
lo,61,0.0018022
lax,62,0.0015769
zum,63,0.0015769
cap,64,0.0015769
mal,65,0.0015769
geh,66,0.0015769
gel,67,0.0015769
par,68,0.0015769
au,69,0.0015769
fa,70,0.0015769
lat,71,0.0015769
sem,72,0.0015769
gam,73,0.0015769
gal,74,0.0015769
zu,75,0.0015769
lu,76,0.0015769
za,77,0.0015769
vr,78,0.0015769
geth,79,0.0015769
phi,80,0.0015769
vah,81,0.0015769
ha,82,0.0015769
lah,83,0.0013517
zem,84,0.0013517
ra,85,0.0013517
loth,86,0.0013517
goth,87,0.0013517
om,88,0.0013517
loh,89,0.0013517
ab,90,0.0013517
als,91,0.0013517
pal,92,0.0013517
von,93,0.0013517
bu,94,0.0013517
as,95,0.0013517
oha,96,0.0013517
noxa,97,0.0011264
ro,98,0.0011264
bah,99,0.0011264
ia,100,0.0011264
car,101,0.0011264
ors,102,0.0011264
sah,103,0.0011264
gen,104,0.0011264
os,105,0.0011264
fam,106,0.0011264
pi,107,0.0011264
vol,108,0.0011264
vom,109,0.0011264
an,110,0.0011264
nal,111,0.0011264
nap,112,0.0011264
nat,113,0.0011264
gu,114,0.0011264
les,115,0.0011264
che,116,0.0011264
dam,117,0.0011264
vam,118,0.0011264
arni,119,0.0011264
hu,120,0.0009011
me,121,0.0009011
lam,122,0.0009011
ru,123,0.0009011
gon,124,0.0009011
ian,125,0.0009011
amph,126,0.0009011
du,127,0.0009011
ban,128,0.0009011
coh,129,0.0009011
caph,130,0.0009011
ols,131,0.0009011
zun,132,0.0009011
vorts,133,0.0009011
ampha,134,0.0009011
asmo,135,0.0009011
mar,136,0.0009011
si,137,0.0009011
ans,138,0.0009011
get,139,0.0009011
ged,140,0.0009011
zembloh,141,0.0009011
pas,142,0.0009011
pam,143,0.0009011
leth,144,0.0009011
lon,145,0.0009011
umas,146,0.0009011
vals,147,0.0009011
arsah,148,0.0009011
ied,149,0.0009011
ard,150,0.0009011
gah,151,0.0009011
gad,152,0.0009011
adma,153,0.0009011
tar,154,0.0009011
le,155,0.0009011
co,156,0.0009011
vn,157,0.0009011
nex,158,0.0006758
lad,159,0.0006758
las,160,0.0006758
zed,161,0.0006758
don,162,0.0006758
dot,163,0.0006758
alde,164,0.0006758
brah,165,0.0006758
pli,166,0.0006758
voxa,167,0.0006758
cah,168,0.0006758
can,169,0.0006758
cam,170,0.0006758
ardno,171,0.0006758
dath,172,0.0006758
aho,173,0.0006758
doxa,174,0.0006758
orn,175,0.0006758
macom,176,0.0006758
vort,177,0.0006758
axa,178,0.0006758
geb,179,0.0006758
adeph,180,0.0006758
mans,181,0.0006758
mara,182,0.0006758
pax,183,0.0006758
lod,184,0.0006758
ag,185,0.0006758
ap,186,0.0006758
gor,187,0.0006758
dem,188,0.0006758
lath,189,0.0006758
zuna,190,0.0006758
asco,191,0.0006758
naph,192,0.0006758
gar,193,0.0006758
voh,194,0.0006758
vos,195,0.0006758
oho,196,0.0006758
olzah,197,0.0006758
nad,198,0.0006758
gans,199,0.0006758
od,200,0.0006758
dar,201,0.0006758
so,202,0.0006758
ni,203,0.0006758
drux,204,0.0006758
vo,205,0.0006758
vx,206,0.0006758
phe,207,0.0006758
gadeth,208,0.0006758
vorx,209,0.0006758
vortes,210,0.0006758
adna,211,0.0006758
gaf,212,0.0004506
undes,213,0.0004506
arde,214,0.0004506
orza,215,0.0004506
orze,216,0.0004506
ned,217,0.0004506
nes,218,0.0004506
mel,219,0.0004506
gli,220,0.0004506
sesqui,221,0.0004506
bra,222,0.0004506
abra,223,0.0004506
mages,224,0.0004506
zonze,225,0.0004506
gebed,226,0.0004506
geda,227,0.0004506
zambuges,228,0.0004506
lab,229,0.0004506
adroh,230,0.0004506
zimah,231,0.0004506
zez,232,0.0004506
gesco,233,0.0004506
ange,234,0.0004506
ton,235,0.0004506
palse,236,0.0004506
amna,237,0.0004506
dox,238,0.0004506
alze,239,0.0004506
doth,240,0.0004506
lefe,241,0.0004506
hah,242,0.0004506
orzad,243,0.0004506
aha,244,0.0004506
nodax,245,0.0004506
plah,246,0.0004506
damph,247,0.0004506
arnah,248,0.0004506
pachad,249,0.0004506
loges,250,0.0004506
varsah,251,0.0004506
guh,252,0.0004506
nagel,253,0.0004506
caf,254,0.0004506
drosad,255,0.0004506
man,256,0.0004506
nof,257,0.0004506
exoh,258,0.0004506
nop,259,0.0004506
nos,260,0.0004506
gaph,261,0.0004506
achaph,262,0.0004506
ble,263,0.0004506
lasco,264,0.0004506
orh,265,0.0004506
androch,266,0.0004506
zad,267,0.0004506
onz,268,0.0004506
lar,269,0.0004506
arua,270,0.0004506
pra,271,0.0004506
san,272,0.0004506
zuma,273,0.0004506
sap,274,0.0004506
onza,275,0.0004506
marsibleh,276,0.0004506
axo,277,0.0004506
amphi,278,0.0004506
ger,279,0.0004506
oxa,280,0.0004506
zeba,281,0.0004506
ud,282,0.0004506
laphet,283,0.0004506
prah,284,0.0004506
vamo,285,0.0004506
neoh,286,0.0004506
am',287,0.0004506
luza,288,0.0004506
vamne,289,0.0004506
admah,290,0.0004506
admag,291,0.0004506
loa,292,0.0004506
lor,293,0.0004506
lox,294,0.0004506
orsa,295,0.0004506
gons,296,0.0004506
ihehusch,297,0.0004506
to,298,0.0004506
fax,299,0.0004506
fan,300,0.0004506
olna,301,0.0004506
osch,302,0.0004506
vi,303,0.0004506
cro,304,0.0004506
des,305,0.0004506
v,306,0.0004506
fe,307,0.0004506
pans,308,0.0004506
alla,309,0.0004506
manch,310,0.0004506
arseth,311,0.0004506
asch,312,0.0004506
quayntah,313,0.0004506
gals,314,0.0004506
danfa,315,0.0004506
vns,316,0.0004506
ieh,317,0.0004506
lothor,318,0.0004506
sep,319,0.0004506
campha,320,0.0004506
arb,321,0.0004506
cappo,322,0.0004506
nahad,323,0.0004506
andam,324,0.0004506
dancet,325,0.0004506
dum,326,0.0004506
dun,327,0.0004506
pu,328,0.0004506
damo,329,0.0004506
vans,330,0.0004506
gax,331,0.0004506
gat,332,0.0004506
vod,333,0.0004506
voz,334,0.0004506
arxe,335,0.0004506
geme,336,0.0004506
vanlah,337,0.0004506
arphe,338,0.0004506
bo,339,0.0004506
nosch,340,0.0004506
nab,341,0.0004506
nas,342,0.0004506
gra,343,0.0004506
demphe,344,0.0004506
vdrios,345,0.0004506
cax,346,0.0004506
oxah,347,0.0004506
oxad,348,0.0004506
gens,349,0.0004506
sappoh,350,0.0004506
apa,351,0.0004506
alda,352,0.0004506
tan,353,0.0004506
ardot,354,0.0004506
gamph,355,0.0004506
volts,356,0.0004506
li,357,0.0004506
gemph,358,0.0004506
mata,359,0.0004506
uzad,360,0.0004506
set,361,0.0004506
casme,362,0.0004506
onsa,363,0.0004506
vons,364,0.0004506
gemah,365,0.0004506
daph,366,0.0004506
pasel,367,0.0004506
luz,368,0.0004506
lun,369,0.0004506
vrs,370,0.0004506
vra,371,0.0004506
vrh,372,0.0004506
vbrah,373,0.0004506
adon,374,0.0004506
lubah,375,0.0004506
vl,376,0.0004506
vp,377,0.0004506
pho,378,0.0004506
astma,379,0.0004506
arse,380,0.0004506
phax,381,0.0004506
onda,382,0.0004506
nedo,383,0.0004506
alsaph,384,0.0004506
sages,385,0.0004506
andah,386,0.0004506
arney,387,0.0004506
nonsal,388,0.0004506
nonsah,389,0.0004506
nethoth,390,0.0004506
axor,391,0.0004506
vad,392,0.0004506
vas,393,0.0004506
ho,394,0.0004506
olnah,395,0.0004506
axax,396,0.0004506
axad,397,0.0004506
vsca,398,0.0004506
nath,399,0.0004506
asclad,400,0.0004506
ongagageda,401,0.0002253
lunzapha,402,0.0002253
hahanaha,403,0.0002253
vancrasma,404,0.0002253
hath,405,0.0002253
olphe,406,0.0002253
malse,407,0.0002253
malsa,408,0.0002253
aua,409,0.0002253
alphi,410,0.0002253
ohahah,411,0.0002253
sabaothal,412,0.0002253
gempha,413,0.0002253
valesto,414,0.0002253
gemphe,415,0.0002253
vsangrada,416,0.0002253
lebale,417,0.0002253
medox,418,0.0002253
luro,419,0.0002253
nam'vah,420,0.0002253
vast,421,0.0002253
martibah,422,0.0002253
gelsaphan,423,0.0002253
lurvandax,424,0.0002253
pasquar,425,0.0002253
doruminaplah,426,0.0002253
geod,427,0.0002253
arbasa,428,0.0002253
vndabra,429,0.0002253
pasquah,430,0.0002253
umphagam,431,0.0002253
lesog,432,0.0002253
necoh,433,0.0002253
vemneg,434,0.0002253
ches,435,0.0002253
gaphemse,436,0.0002253
gaspar,437,0.0002253
ahah,438,0.0002253
deph,439,0.0002253
chef,440,0.0002253
ansech,441,0.0002253
necor,442,0.0002253
casmala,443,0.0002253
chramsa,444,0.0002253
oschan,445,0.0002253
nel,446,0.0002253
lonsas,447,0.0002253
neh,448,0.0002253
zuresk,449,0.0002253
nec,450,0.0002253
pabmax,451,0.0002253
orpogographel,452,0.0002253
ney,453,0.0002253
ner,454,0.0002253
nep,455,0.0002253
obza,456,0.0002253
med,457,0.0002253
vormez,458,0.0002253
zambe,459,0.0002253
vormex,460,0.0002253
vamfas,461,0.0002253
vnchas,462,0.0002253
vamfah,463,0.0002253
mes,464,0.0002253
oshe,465,0.0002253
gemulch,466,0.0002253
catas,467,0.0002253
gonred,468,0.0002253
naxvolh,469,0.0002253
manveh,470,0.0002253
vllonooh,471,0.0002253
danzan,472,0.0002253
hansa,473,0.0002253
anthath,474,0.0002253
luthed,475,0.0002253
oschol,476,0.0002253
machesmachoh,477,0.0002253
arda'nh,478,0.0002253
bro,479,0.0002253
offd,480,0.0002253
santfa,481,0.0002253
papeam,482,0.0002253
gonsah,483,0.0002253
zumcoth,484,0.0002253
galse,485,0.0002253
daxzum,486,0.0002253
sempes,487,0.0002253
plon,488,0.0002253
ploh,489,0.0002253
zema,490,0.0002253
asteth,491,0.0002253
adnay,492,0.0002253
varsa,493,0.0002253
sesch,494,0.0002253
sescu,495,0.0002253
ophad,496,0.0002253
adnab,497,0.0002253
adnah,498,0.0002253
sednah,499,0.0002253
orney,500,0.0002253
mo,501,0.0002253
hansey,502,0.0002253
omsage,503,0.0002253
mu,504,0.0002253
andeoh,505,0.0002253
orneh,506,0.0002253
sepaget,507,0.0002253
phand,508,0.0002253
oriox,509,0.0002253
dunseph,510,0.0002253
urise,511,0.0002253
vadol,512,0.0002253
carphah,513,0.0002253
archanphame,514,0.0002253
glutha,515,0.0002253
askeph,516,0.0002253
naspolge,517,0.0002253
hor,518,0.0002253
gapes,519,0.0002253
vancro,520,0.0002253
moroh,521,0.0002253
gonsaph,522,0.0002253
ardri,523,0.0002253
laf,524,0.0002253
varsablox,525,0.0002253
arce,526,0.0002253
seda,527,0.0002253
laz,528,0.0002253
parcelah,529,0.0002253
sedo,530,0.0002253
dongo,531,0.0002253
adin,532,0.0002253
taltemaphech,533,0.0002253
arvan,534,0.0002253
lesqual,535,0.0002253
luzan,536,0.0002253
vanca,537,0.0002253
sabse,538,0.0002253
capgol,539,0.0002253
micasman,540,0.0002253
mices,541,0.0002253
luzad,542,0.0002253
orgeth,543,0.0002253
vrstamvah,544,0.0002253
copad,545,0.0002253
arvax,546,0.0002253
adros,547,0.0002253
ambrassah,548,0.0002253
carnat,549,0.0002253
sams,550,0.0002253
natath,551,0.0002253
noges,552,0.0002253
voha,553,0.0002253
nasquah,554,0.0002253
ordriph,555,0.0002253
sanphar,556,0.0002253
varo,557,0.0002253
cla,558,0.0002253
vrbrast,559,0.0002253
nostrohh,560,0.0002253
vblanso,561,0.0002253
orue,562,0.0002253
parzu,563,0.0002253
m'i,564,0.0002253
ormacased,565,0.0002253
dasmat,566,0.0002253
notesma,567,0.0002253
dothoth,568,0.0002253
oxamarah,569,0.0002253
gesch,570,0.0002253
gestes,571,0.0002253
arxad,572,0.0002253
baniffa,573,0.0002253
oxalps,574,0.0002253
garmes,575,0.0002253
caseth,576,0.0002253
capaden,577,0.0002253
vandesqual,578,0.0002253
choas,579,0.0002253
galdamichael,580,0.0002253
nostrilgan,581,0.0002253
lapod,582,0.0002253
lazad,583,0.0002253
iasmadel,584,0.0002253
lumasa,585,0.0002253
odoamaah,586,0.0002253
ymnachar,587,0.0002253
gemne,588,0.0002253
zamca,589,0.0002253
apansageh,590,0.0002253
donadocha,591,0.0002253
ons,592,0.0002253
lunsemneph,593,0.0002253
detchel,594,0.0002253
noxd,595,0.0002253
sampat,596,0.0002253
adaph,597,0.0002253
re,598,0.0002253
got,599,0.0002253
ri,600,0.0002253
gos,601,0.0002253
nostafages,602,0.0002253
genze,603,0.0002253
camalah,604,0.0002253
gammes,605,0.0002253
olmah,606,0.0002253
aspah,607,0.0002253
geus,608,0.0002253
fres,609,0.0002253
pachadora,610,0.0002253
ange'nodah,611,0.0002253
sedcoh,612,0.0002253
stapha,613,0.0002253
casdra,614,0.0002253
garnsnas,615,0.0002253
gaphes,616,0.0002253
nochas,617,0.0002253
zaph,618,0.0002253
isg,619,0.0002253
odmazen,620,0.0002253
pahado,621,0.0002253
quamsa,622,0.0002253
burise,623,0.0002253
gethol,624,0.0002253
gedoah,625,0.0002253
vxan,626,0.0002253
nabat,627,0.0002253
famfa,628,0.0002253
gebdah,629,0.0002253
adchu,630,0.0002253
domsath,631,0.0002253
tol,632,0.0002253
gadaamah,633,0.0002253
vxar,634,0.0002253
gethos,635,0.0002253
palsi,636,0.0002253
noplich,637,0.0002253
vnascor,638,0.0002253
pancu,639,0.0002253
paphcod,640,0.0002253
naho,641,0.0002253
panca,642,0.0002253
vardol,643,0.0002253
nohads,644,0.0002253
naha,645,0.0002253
axquem,646,0.0002253
voxham,647,0.0002253
bobagelzod,648,0.0002253
gramfa,649,0.0002253
mochoeffa,650,0.0002253
surem,651,0.0002253
camles,652,0.0002253
marlan,653,0.0002253
ran,654,0.0002253
alpod,655,0.0002253
ral,656,0.0002253
auioxan,657,0.0002253
gaartha,658,0.0002253
rah,659,0.0002253
an'dulphel,660,0.0002253
zoraston,661,0.0002253
asmoh,662,0.0002253
amni,663,0.0002253
neda,664,0.0002253
admacah,665,0.0002253
gunzanquah,666,0.0002253
ouad,667,0.0002253
gvns,668,0.0002253
neo,669,0.0002253
ozadcha,670,0.0002253
panosch,671,0.0002253
setha,672,0.0002253
nadvareh,673,0.0002253
dol,674,0.0002253
dom,675,0.0002253
galta,676,0.0002253
v'dramah,677,0.0002253
doa,678,0.0002253
genzed,679,0.0002253
pamboha,680,0.0002253
odidos,681,0.0002253
dor,682,0.0002253
vamna,683,0.0002253
dop,684,0.0002253
sebagh,685,0.0002253
gadpham,686,0.0002253
subliganaxnarod,687,0.0002253
oscaroh,688,0.0002253
pamses,689,0.0002253
effa,690,0.0002253
napha,691,0.0002253
loscad,692,0.0002253
gesso,693,0.0002253
pacath,694,0.0002253
och,695,0.0002253
vameth,696,0.0002253
capex,697,0.0002253
zamgeph,698,0.0002253
arispa,699,0.0002253
cau,700,0.0002253
mantquts,701,0.0002253
gagah,702,0.0002253
arps,703,0.0002253
lamse,704,0.0002253
ustra,705,0.0002253
ardox,706,0.0002253
oldomph,707,0.0002253
agne,708,0.0002253
agni,709,0.0002253
agno,710,0.0002253
noxad,711,0.0002253
ardoh,712,0.0002253
onaph,713,0.0002253
odiscoh,714,0.0002253
danse,715,0.0002253
magzed,716,0.0002253
goga,717,0.0002253
bas,718,0.0002253
ieth,719,0.0002253
lohanaha,720,0.0002253
gebah,721,0.0002253
anza,722,0.0002253
zumia,723,0.0002253
bam,724,0.0002253
vombal,725,0.0002253
drulalpa,726,0.0002253
bles,727,0.0002253
arinmaphel,728,0.0002253
orxzed,729,0.0002253
gasca,730,0.0002253
falod,731,0.0002253
lesco,732,0.0002253
nathad,733,0.0002253
ioha,734,0.0002253
luntaf,735,0.0002253
aludar,736,0.0002253
acheldaph,737,0.0002253
nobroschom,738,0.0002253
asquam,739,0.0002253
aueaux,740,0.0002253
vorge,741,0.0002253
maspela,742,0.0002253
buches,743,0.0002253
vonrogen,744,0.0002253
lapcah,745,0.0002253
nasdoga,746,0.0002253
pnidah,747,0.0002253
lamad,748,0.0002253
dabin,749,0.0002253
casmat,750,0.0002253
nohhad,751,0.0002253
nalphat,752,0.0002253
pambo,753,0.0002253
ar'tosa,754,0.0002253
adpalsah,755,0.0002253
cox,756,0.0002253
games,757,0.0002253
beuegiah,758,0.0002253
aschma,759,0.0002253
arzusen,760,0.0002253
novamq,761,0.0002253
tons,762,0.0002253
parnix,763,0.0002253
gonzah,764,0.0002253
enohol,765,0.0002253
gembugel,766,0.0002253
ar'ua,767,0.0002253
gliden,768,0.0002253
life,769,0.0002253
sag,770,0.0002253
zembah,771,0.0002253
alzeh,772,0.0002253
semblax,773,0.0002253
leph,774,0.0002253
podma,775,0.0002253
semblas,776,0.0002253
opicab,777,0.0002253
vnsnapha,778,0.0002253
oxmogel,779,0.0002253
arcusma,780,0.0002253
ormacha,781,0.0002253
vaga,782,0.0002253
voscmeh,783,0.0002253
amphigel,784,0.0002253
setqua,785,0.0002253
gednach,786,0.0002253
ganma,787,0.0002253
iahod,788,0.0002253
luruandah,789,0.0002253
zamge,790,0.0002253
ix,791,0.0002253
ulon,792,0.0002253
cano,793,0.0002253
nofet,794,0.0002253
iu,795,0.0002253
uloh,796,0.0002253
amages,797,0.0002253
nartal,798,0.0002253
vansample,799,0.0002253
cans,800,0.0002253
io,801,0.0002253
in,802,0.0002253
ie,803,0.0002253
chebseth,804,0.0002253
buzadbazu,805,0.0002253
nageph,806,0.0002253
zureoch,807,0.0002253
faxmal,808,0.0002253
anzach,809,0.0002253
saxma,810,0.0002253
anz,811,0.0002253
plih,812,0.0002253
vandres,813,0.0002253
zadchal,814,0.0002253
famlet,815,0.0002253
niz,816,0.0002253
gabre,817,0.0002253
iusmach,818,0.0002253
isch,819,0.0002253
glimnaph,820,0.0002253
oxarzah,821,0.0002253
phatheth,822,0.0002253
odogamanazar,823,0.0002253
sembbh,824,0.0002253
dadg,825,0.0002253
vioxah,826,0.0002253
vamtage,827,0.0002253
lothar,828,0.0002253
zamne,829,0.0002253
tha,830,0.0002253
nablebah,831,0.0002253
hunsansa,832,0.0002253
surascha,833,0.0002253
semno,834,0.0002253
gezes,835,0.0002253
ucas,836,0.0002253
semna,837,0.0002253
apeth,838,0.0002253
galsagen,839,0.0002253
ardeth,840,0.0002253
gonboh,841,0.0002253
gezen,842,0.0002253
genda,843,0.0002253
labmageh,844,0.0002253
ham,845,0.0002253
han,846,0.0002253
gothan,847,0.0002253
orzap,848,0.0002253
hab,849,0.0002253
had,850,0.0002253
orzah,851,0.0002253
noschol,852,0.0002253
orzam,853,0.0002253
lunsangel,854,0.0002253
vlla,855,0.0002253
har,856,0.0002253
donax,857,0.0002253
pabamsed,858,0.0002253
sapax,859,0.0002253
iurehoh,860,0.0002253
agsnah,861,0.0002253
nacro,862,0.0002253
cape,863,0.0002253
mischna,864,0.0002253
gapalebaton,865,0.0002253
achna,866,0.0002253
cheph,867,0.0002253
nograh,868,0.0002253
hanzah,869,0.0002253
gloghcha,870,0.0002253
famzad,871,0.0002253
gedan,872,0.0002253
carvan,873,0.0002253
apri,874,0.0002253
nahoh,875,0.0002253
vorsepax,876,0.0002253
iodoch,877,0.0002253
varmah,878,0.0002253
gehodod,879,0.0002253
lascod,880,0.0002253
adrux,881,0.0002253
ansipamals,882,0.0002253
argrasphe,883,0.0002253
otoxen,884,0.0002253
zamges,885,0.0002253
saxx,886,0.0002253
napod,887,0.0002253
gempalo,888,0.0002253
labazna,889,0.0002253
phex,890,0.0002253
vomchal,891,0.0002253
seph,892,0.0002253
aglaho,893,0.0002253
o'mdopadaphaab,894,0.0002253
cramsa,895,0.0002253
gardomas,896,0.0002253
pengon,897,0.0002253
pamcasah,898,0.0002253
leuandah,899,0.0002253
iedeph,900,0.0002253
aden,901,0.0002253
zalpala,902,0.0002253
vrnod,903,0.0002253
ars,904,0.0002253
vamah,905,0.0002253
galsador,906,0.0002253
pachel,907,0.0002253
maschol,908,0.0002253
orsat,909,0.0002253
olc,910,0.0002253
degel,911,0.0002253
gemlo,912,0.0002253
orehamah,913,0.0002253
voscaph,914,0.0002253
astomagel,915,0.0002253
pampals,916,0.0002253
lugho,917,0.0002253
absechel,918,0.0002253
malcos,919,0.0002253
palce,920,0.0002253
ob,921,0.0002253
samses,922,0.0002253
armi,923,0.0002253
amphe,924,0.0002253
setquam,925,0.0002253
gethmah,926,0.0002253
noxocharmah,927,0.0002253
gedvel,928,0.0002253
thotob,929,0.0002253
purblox,930,0.0002253
gaza,931,0.0002253
patrophes,932,0.0002253
drulthe,933,0.0002253
andiglon,934,0.0002253
iamphala,935,0.0002253
getheol,936,0.0002253
gamphe,937,0.0002253
femse,938,0.0002253
phachel,939,0.0002253
halphe,940,0.0002253
gamphi,941,0.0002253
sapnar,942,0.0002253
elog,943,0.0002253
quisben,944,0.0002253
phaches,945,0.0002253
gehoph,946,0.0002253
sembal,947,0.0002253
gemze,948,0.0002253
aphath,949,0.0002253
sandvah,950,0.0002253
nocas,951,0.0002253
hauan,952,0.0002253
nu,953,0.0002253
zans,954,0.0002253
manzeh,955,0.0002253
node,956,0.0002253
pamphe,957,0.0002253
cohadal,958,0.0002253
zanpha,959,0.0002253
masco,960,0.0002253
axe,961,0.0002253
apheth,962,0.0002253
palme,963,0.0002253
nequax,964,0.0002253
semhaham,965,0.0002253
notems,966,0.0002253
gasla,967,0.0002253
laffah,968,0.0002253
vindres,969,0.0002253
pathem,970,0.0002253
lestof,971,0.0002253
damifaga,972,0.0002253
laffax,973,0.0002253
zacheph,974,0.0002253
dumax,975,0.0002253
parcog,976,0.0002253
rob,977,0.0002253
armax,978,0.0002253
vanseph,979,0.0002253
volls,980,0.0002253
aspe,981,0.0002253
ubrah,982,0.0002253
orcheth,983,0.0002253
vez,984,0.0002253
ved,985,0.0002253
achos,986,0.0002253
lorni,987,0.0002253
banzes,988,0.0002253
veh,989,0.0002253
texpa,990,0.0002253
seleph,991,0.0002253
adrios,992,0.0002253
ransembloh,993,0.0002253
gamled,994,0.0002253
gadsa,995,0.0002253
olontax,996,0.0002253
rusam,997,0.0002253
rusan,998,0.0002253
gansad,999,0.0002253
aginot,1000,0.0002253
giburod,1001,0.0002253
arnox,1002,0.0002253
gasque,1003,0.0002253
odox,1004,0.0002253
zembuges,1005,0.0002253
unra,1006,0.0002253
gurah,1007,0.0002253
naga,1008,0.0002253
degath,1009,0.0002253
gaphnedg,1010,0.0002253
dapax,1011,0.0002253
landridah,1012,0.0002253
onsaual,1013,0.0002253
semelabugen,1014,0.0002253
rum,1015,0.0002253
orda,1016,0.0002253
axel,1017,0.0002253
gamesad,1018,0.0002253
necotheth,1019,0.0002253
arges,1020,0.0002253
vrmast,1021,0.0002253
semfugel,1022,0.0002253
chechust,1023,0.0002253
deo,1024,0.0002253
lochath,1025,0.0002253
ensede,1026,0.0002253
micho,1027,0.0002253
hansel,1028,0.0002253
congamphlgh,1029,0.0002253
pigan,1030,0.0002253
ded,1031,0.0002253
gaseth,1032,0.0002253
vnsemel,1033,0.0002253
dasch,1034,0.0002253
sequot,1035,0.0002253
galze,1036,0.0002253
alts,1037,0.0002253
iana,1038,0.0002253
vges,1039,0.0002253
oxpha,1040,0.0002253
nostradg,1041,0.0002253
vordomphanches,1042,0.0002253
latqui,1043,0.0002253
letnar,1044,0.0002253
aschah,1045,0.0002253
doniton,1046,0.0002253
aschal,1047,0.0002253
ascham,1048,0.0002253
onseple,1049,0.0002253
are,1050,0.0002253
phaphes,1051,0.0002253
arilsar,1052,0.0002253
teuort,1053,0.0002253
garset,1054,0.0002253
undat,1055,0.0002253
pres,1056,0.0002253
alpran,1057,0.0002253
bobagen,1058,0.0002253
varsab,1059,0.0002253
bansaa,1060,0.0002253
omsa,1061,0.0002253
gesda,1062,0.0002253
gulsad,1063,0.0002253
cal,1064,0.0002253
lesgamph,1065,0.0002253
cad,1066,0.0002253
manqh,1067,0.0002253
lothe,1068,0.0002253
galep,1069,0.0002253
gedo,1070,0.0002253
marpha,1071,0.0002253
asdom,1072,0.0002253
caphicha,1073,0.0002253
donzaha,1074,0.0002253
partat,1075,0.0002253
vanchet,1076,0.0002253
zumad,1077,0.0002253
iudreth,1078,0.0002253
asmd,1079,0.0002253
zugeh,1080,0.0002253
orthath,1081,0.0002253
mas,1082,0.0002253
gron,1083,0.0002253
mat,1084,0.0002253
zembloagauh,1085,0.0002253
satq,1086,0.0002253
maz,1087,0.0002253
lephada,1088,0.0002253
mac,1089,0.0002253
cheuacha,1090,0.0002253
maf,1091,0.0002253
remah,1092,0.0002253
lamesde,1093,0.0002253
gempfa,1094,0.0002253
pambochaph,1095,0.0002253
algadef,1096,0.0002253
su,1097,0.0002253
valtab,1098,0.0002253
vanascor,1099,0.0002253
amphidon,1100,0.0002253
amphle,1101,0.0002253
alge,1102,0.0002253
vandispa,1103,0.0002253
gedoth,1104,0.0002253
normadah,1105,0.0002253
o'r,1106,0.0002253
iedmacha,1107,0.0002253
vansax,1108,0.0002253
vngem,1109,0.0002253
vansar,1110,0.0002253
marune,1111,0.0002253
iamesebachola,1112,0.0002253
genost,1113,0.0002253
gamphedax,1114,0.0002253
gath,1115,0.0002253
torx,1116,0.0002253
onzed,1117,0.0002253
nom,1118,0.0002253
paphah,1119,0.0002253
nog,1120,0.0002253
adcol,1121,0.0002253
notma,1122,0.0002253
naxa,1123,0.0002253
noz,1124,0.0002253
ormaca,1125,0.0002253
udrios,1126,0.0002253
arze,1127,0.0002253
ormach,1128,0.0002253
napsu,1129,0.0002253
sepah,1130,0.0002253
leda,1131,0.0002253
nams,1132,0.0002253
gemplicabnadah,1133,0.0002253
dron,1134,0.0002253
vages,1135,0.0002253
em,1136,0.0002253
orchlodmaphag,1137,0.0002253
eh,1138,0.0002253
ovs,1139,0.0002253
ed,1140,0.0002253
ea,1141,0.0002253
axnecho,1142,0.0002253
dedma,1143,0.0002253
ex,1144,0.0002253
gedma,1145,0.0002253
gadmah,1146,0.0002253
es,1147,0.0002253
gasnunabe,1148,0.0002253
naxt,1149,0.0002253
vandeminaxat,1150,0.0002253
gla'spa,1151,0.0002253
zucath,1152,0.0002253
songes,1153,0.0002253
cardax,1154,0.0002253
bli,1155,0.0002253
bla,1156,0.0002253
v'xa,1157,0.0002253
verbrod,1158,0.0002253
cars,1159,0.0002253
orr,1160,0.0002253
oro,1161,0.0002253
argo,1162,0.0002253
arga,1163,0.0002253
ord,1164,0.0002253
arge,1165,0.0002253
ora,1166,0.0002253
allahah,1167,0.0002253
luzgaph,1168,0.0002253
luzez,1169,0.0002253
alphax,1170,0.0002253
bethlemcha,1171,0.0002253
otholl,1172,0.0002253
iemasch,1173,0.0002253
vn'cal,1174,0.0002253
qastava,1175,0.0002253
vncas,1176,0.0002253
ar'mbu,1177,0.0002253
haxna,1178,0.0002253
castarago,1179,0.0002253
zam,1180,0.0002253
alman,1181,0.0002253
ona,1182,0.0002253
tamisel,1183,0.0002253
balgonph,1184,0.0002253
sapoh,1185,0.0002253
sanst,1186,0.0002253
orophas,1187,0.0002253
notgals,1188,0.0002253
vorzed,1189,0.0002253
iam,1190,0.0002253
nordeph,1191,0.0002253
ledothnar,1192,0.0002253
alidah,1193,0.0002253
sambla,1194,0.0002253
galsorxvlaga,1195,0.0002253
iad,1196,0.0002253
luma,1197,0.0002253
hamges,1198,0.0002253
iar,1199,0.0002253
alps,1200,0.0002253
quaz,1201,0.0002253
hun,1202,0.0002253
quap,1203,0.0002253
quas,1204,0.0002253
quar,1205,0.0002253
quah,1206,0.0002253
peleh,1207,0.0002253
gohed,1208,0.0002253
lauan,1209,0.0002253
talpah,1210,0.0002253
geha,1211,0.0002253
geban,1212,0.0002253
lauax,1213,0.0002253
garmah,1214,0.0002253
donkna,1215,0.0002253
gemgah,1216,0.0002253
luah,1217,0.0002253
and,1218,0.0002253
sam,1219,0.0002253
sal,1220,0.0002253
sab,1221,0.0002253
necra,1222,0.0002253
tastel,1223,0.0002253
sad,1224,0.0002253
vrsabada,1225,0.0002253
voxad,1226,0.0002253
onze,1227,0.0002253
voxal,1228,0.0002253
anget,1229,0.0002253
sat,1230,0.0002253
uotol,1231,0.0002253
darsah,1232,0.0002253
vaxt,1233,0.0002253
zod,1234,0.0002253
nebo,1235,0.0002253
aldoh,1236,0.0002253
zon,1237,0.0002253
other,1238,0.0002253
ganeph,1239,0.0002253
noxt,1240,0.0002253
dahvalah,1241,0.0002253
noth,1242,0.0002253
orxod,1243,0.0002253
pagel,1244,0.0002253
malsapnah,1245,0.0002253
pageh,1246,0.0002253
vndan,1247,0.0002253
zeuoth,1248,0.0002253
grapad,1249,0.0002253
vndar,1250,0.0002253
varasah,1251,0.0002253
vascheth,1252,0.0002253
gaphad,1253,0.0002253
abnerda,1254,0.0002253
zesvamcul,1255,0.0002253
colmachu,1256,0.0002253
lethoph,1257,0.0002253
duxma,1258,0.0002253
setquah,1259,0.0002253
ierinth,1260,0.0002253
vart,1261,0.0002253
onphe,1262,0.0002253
ondapha,1263,0.0002253
onpha,1264,0.0002253
sambleh,1265,0.0002253
axpadabamah,1266,0.0002253
vrox,1267,0.0002253
vars,1268,0.0002253
ossu,1269,0.0002253
adges,1270,0.0002253
gemno,1271,0.0002253
pahod,1272,0.0002253
oucha,1273,0.0002253
gep,1274,0.0002253
gea,1275,0.0002253
osma,1276,0.0002253
olza,1277,0.0002253
iamle,1278,0.0002253
dinoxa,1279,0.0002253
varno,1280,0.0002253
samhampors,1281,0.0002253
narvah,1282,0.0002253
zunca,1283,0.0002253
gamsech,1284,0.0002253
gabseph,1285,0.0002253
oxandah,1286,0.0002253
vriop,1287,0.0002253
adro,1288,0.0002253
gamvagad,1289,0.0002253
zebn,1290,0.0002253
sandquat,1291,0.0002253
gaga,1292,0.0002253
achar,1293,0.0002253
nepho,1294,0.0002253
natoph,1295,0.0002253
galseds,1296,0.0002253
argaph,1297,0.0002253
pahah,1298,0.0002253
v'rsbe,1299,0.0002253
nabath,1300,0.0002253
ampatraton,1301,0.0002253
lan'se,1302,0.0002253
mano,1303,0.0002253
nephar,1304,0.0002253
pascheph,1305,0.0002253
semteph,1306,0.0002253
olbah,1307,0.0002253
por,1308,0.0002253
rox,1309,0.0002253
dahan,1310,0.0002253
duth,1311,0.0002253
pol,1312,0.0002253
zuth,1313,0.0002253
vancef,1314,0.0002253
pola,1315,0.0002253
gebne,1316,0.0002253
gebna,1317,0.0002253
arta,1318,0.0002253
gemseh,1319,0.0002253
mars,1320,0.0002253
gemsed,1321,0.0002253
gascama,1322,0.0002253
chales,1323,0.0002253
ladmano,1324,0.0002253
vreprez,1325,0.0002253
iorbastamax,1326,0.0002253
gesto,1327,0.0002253
mancepax,1328,0.0002253
abnih,1329,0.0002253
lumah,1330,0.0002253
lodox,1331,0.0002253
tohcoth,1332,0.0002253
unba,1333,0.0002253
hastan,1334,0.0002253
o'rzadah,1335,0.0002253
vodoth,1336,0.0002253
ieho,1337,0.0002253
sebageh,1338,0.0002253
iale,1339,0.0002253
oxansah,1340,0.0002253
paha,1341,0.0002253
astoh,1342,0.0002253
sama,1343,0.0002253
paf,1344,0.0002253
pag,1345,0.0002253
grumna,1346,0.0002253
famgah,1347,0.0002253
iephad,1348,0.0002253
rossamod,1349,0.0002253
carse,1350,0.0002253
vnsanba,1351,0.0002253
arden,1352,0.0002253
gethroz,1353,0.0002253
inmony,1354,0.0002253
an'damsah,1355,0.0002253
gathme,1356,0.0002253
lateth,1357,0.0002253
gimnephad,1358,0.0002253
amruh,1359,0.0002253
palmah,1360,0.0002253
onedon,1361,0.0002253
phadel,1362,0.0002253
nido,1363,0.0002253
anseh,1364,0.0002253
padel,1365,0.0002253
demneh,1366,0.0002253
nolpha,1367,0.0002253
zunech,1368,0.0002253
machel,1369,0.0002253
alteth,1370,0.0002253
padex,1371,0.0002253
orpna,1372,0.0002253
vami,1373,0.0002253
iahat,1374,0.0002253
asquapa,1375,0.0002253
iahal,1376,0.0002253
mansa,1377,0.0002253
avarn,1378,0.0002253
ancaphama,1379,0.0002253
padgze,1380,0.0002253
vnsap,1381,0.0002253
bemcax,1382,0.0002253
ardri'noh,1383,0.0002253
danpha,1384,0.0002253
geuseh,1385,0.0002253
vaxorza,1386,0.0002253
manso,1387,0.0002253
vemech,1388,0.0002253
lozodma,1389,0.0002253
glust,1390,0.0002253
andrah,1391,0.0002253
loodath,1392,0.0002253
auonsad,1393,0.0002253
achandas,1394,0.0002253
zedman,1395,0.0002253
grip,1396,0.0002253
ohal,1397,0.0002253
nesroh,1398,0.0002253
lada,1399,0.0002253
ordomph,1400,0.0002253
ama,1401,0.0002253
laydam,1402,0.0002253
moh,1403,0.0002253
mon,1404,0.0002253
famech,1405,0.0002253
natmaz,1406,0.0002253
hurascah,1407,0.0002253
pangef,1408,0.0002253
deth,1409,0.0002253
odampha,1410,0.0002253
malue,1411,0.0002253
anses,1412,0.0002253
arpagels,1413,0.0002253
adamh,1414,0.0002253
getol,1415,0.0002253
musce,1416,0.0002253
vaxtal,1417,0.0002253
naab,1418,0.0002253
ludasphando,1419,0.0002253
exoradad,1420,0.0002253
zanbat,1421,0.0002253
paphres,1422,0.0002253
parsan,1423,0.0002253
grux,1424,0.0002253
parsah,1425,0.0002253
gisril,1426,0.0002253
tatoh,1427,0.0002253
nooa,1428,0.0002253
lunsanfah,1429,0.0002253
zunasch,1430,0.0002253
natmatatp,1431,0.0002253
legar,1432,0.0002253
portex,1433,0.0002253
gulapha,1434,0.0002253
phaselma,1435,0.0002253
sar'quel,1436,0.0002253
sephah,1437,0.0002253
gascheth,1438,0.0002253
nulech,1439,0.0002253
admich,1440,0.0002253
varca,1441,0.0002253
sunfah,1442,0.0002253
notoh,1443,0.0002253
setquo,1444,0.0002253
vaxma,1445,0.0002253
zemphe,1446,0.0002253
of,1447,0.0002253
ach,1448,0.0002253
aco,1449,0.0002253
chom,1450,0.0002253
pacadura,1451,0.0002253
dansa,1452,0.0002253
zomephol,1453,0.0002253
oz,1454,0.0002253
gascala,1455,0.0002253
vradah,1456,0.0002253
gedox,1457,0.0002253
nohol,1458,0.0002253
gedot,1459,0.0002253
garb,1460,0.0002253
zurehoh,1461,0.0002253
gedos,1462,0.0002253
gedon,1463,0.0002253
gedoh,1464,0.0002253
gedod,1465,0.0002253
arvin,1466,0.0002253
gars,1467,0.0002253
garp,1468,0.0002253
zamponon,1469,0.0002253
hes,1470,0.0002253
cath,1471,0.0002253
sebo,1472,0.0002253
loo,1473,0.0002253
ladmaachel,1474,0.0002253
dalseph,1475,0.0002253
ondemax,1476,0.0002253
lang,1477,0.0002253
gors,1478,0.0002253
bunda,1479,0.0002253
am'chama,1480,0.0002253
befes,1481,0.0002253
pamfra,1482,0.0002253
fomnaph,1483,0.0002253
gazo,1484,0.0002253
gorh,1485,0.0002253
laspral,1486,0.0002253
sabulan,1487,0.0002253
mica,1488,0.0002253
laxmah,1489,0.0002253
quartphe,1490,0.0002253
micapar,1491,0.0002253
varun,1492,0.0002253
apracas,1493,0.0002253
noxanquah,1494,0.0002253
palpal,1495,0.0002253
onixdar,1496,0.0002253
lanva,1497,0.0002253
grast,1498,0.0002253
notah,1499,0.0002253
vnza,1500,0.0002253
consaqual,1501,0.0002253
oth,1502,0.0002253
ac,1503,0.0002253
omvah,1504,0.0002253
af,1505,0.0002253
orse,1506,0.0002253
archas,1507,0.0002253
lumbam,1508,0.0002253
vorn,1509,0.0002253
vadgs,1510,0.0002253
archad,1511,0.0002253
luseth,1512,0.0002253
lefa,1513,0.0002253
vnfa,1514,0.0002253
phamah,1515,0.0002253
orzan,1516,0.0002253
ganfumarabomonah,1517,0.0002253
chimlah,1518,0.0002253
gasnaph,1519,0.0002253
mured,1520,0.0002253
vrasnageph,1521,0.0002253
gom,1522,0.0002253
sampas,1523,0.0002253
asten,1524,0.0002253
pasdaes,1525,0.0002253
faxed,1526,0.0002253
gadre,1527,0.0002253
ascabb,1528,0.0002253
babalad,1529,0.0002253
anse,1530,0.0002253
dogepnah,1531,0.0002253
goh,1532,0.0002253
adax,1533,0.0002253
admacha,1534,0.0002253
adah,1535,0.0002253
u,1536,0.0002253
adao,1537,0.0002253
gasmaphes,1538,0.0002253
zurdah,1539,0.0002253
zumbloh,1540,0.0002253
bamgephes,1541,0.0002253
zina,1542,0.0002253
gamne,1543,0.0002253
ooda,1544,0.0002253
bosqui,1545,0.0002253
sestrox,1546,0.0002253
gradunvah,1547,0.0002253
tu,1548,0.0002253
vpplod,1549,0.0002253
vomfah,1550,0.0002253
vndaxa,1551,0.0002253
olpaz,1552,0.0002253
clodfac,1553,0.0002253
te,1554,0.0002253
amchih,1555,0.0002253
ta,1556,0.0002253
icas,1557,0.0002253
undanpel,1558,0.0002253
asche,1559,0.0002253
losmo,1560,0.0002253
aschi,1561,0.0002253
ordolph,1562,0.0002253
armad,1563,0.0002253
danseqox,1564,0.0002253
notgah,1565,0.0002253
laue,1566,0.0002253
elcaph,1567,0.0002253
nomval,1568,0.0002253
famsed,1569,0.0002253
douquin,1570,0.0002253
alloah,1571,0.0002253
adusx,1572,0.0002253
ratq,1573,0.0002253
narran,1574,0.0002253
fastod,1575,0.0002253
vorsafansa,1576,0.0002253
tep,1577,0.0002253
ter,1578,0.0002253
zureth,1579,0.0002253
rath,1580,0.0002253
nottaph,1581,0.0002253
vcha,1582,0.0002253
gune,1583,0.0002253
cvl,1584,0.0002253
guna,1585,0.0002253
voxma,1586,0.0002253
gemfa,1587,0.0002253
arpos,1588,0.0002253
sux,1589,0.0002253
tualc,1590,0.0002253
zembloth,1591,0.0002253
gestons,1592,0.0002253
vanaph,1593,0.0002253
amphas,1594,0.0002253
hanzu,1595,0.0002253
amphan,1596,0.0002253
zubrah,1597,0.0002253
pahogama,1598,0.0002253
vrmax,1599,0.0002253
vrbanf,1600,0.0002253
ganport,1601,0.0002253
laxqu,1602,0.0002253
iuma,1603,0.0002253
cosdam,1604,0.0002253
vathne,1605,0.0002253
zantqur,1606,0.0002253
lagod,1607,0.0002253
gost,1608,0.0002253
lutudah,1609,0.0002253
oscha,1610,0.0002253
iads,1611,0.0002253
vartef,1612,0.0002253
curad,1613,0.0002253
ronox,1614,0.0002253
gyman,1615,0.0002253
aldech,1616,0.0002253
asto,1617,0.0002253
mors,1618,0.0002253
zeda,1619,0.0002253
pacadpha,1620,0.0002253
gastages,1621,0.0002253
pratnom,1622,0.0002253
vndalph,1623,0.0002253
vimna,1624,0.0002253
zudath,1625,0.0002253
sepno,1626,0.0002253
glan,1627,0.0002253
lexoh,1628,0.0002253
lorpha,1629,0.0002253
zin,1630,0.0002253
dex,1631,0.0002253
gehudan,1632,0.0002253
genoph,1633,0.0002253
gamnacho,1634,0.0002253
mals,1635,0.0002253
deh,1636,0.0002253
pamfah,1637,0.0002253
del,1638,0.0002253
den,1639,0.0002253
parsa,1640,0.0002253
genile,1641,0.0002253
def,1642,0.0002253
vu,1643,0.0002253
ledoh,1644,0.0002253
lude,1645,0.0002253
marges,1646,0.0002253
losquan,1647,0.0002253
demq,1648,0.0002253
v'rnah,1649,0.0002253
ave,1650,0.0002253
droes,1651,0.0002253
dascal,1652,0.0002253
orsoth,1653,0.0002253
iaialphzudph,1654,0.0002253
zar,1655,0.0002253
argah,1656,0.0002253
zempal,1657,0.0002253
pri,1658,0.0002253
hubra,1659,0.0002253
vasmah,1660,0.0002253
ardephis,1661,0.0002253
carsed,1662,0.0002253
gast,1663,0.0002253
adophanah,1664,0.0002253
vrdem,1665,0.0002253
zarcas,1666,0.0002253
vngenel,1667,0.0002253
ardo,1668,0.0002253
donla,1669,0.0002253
astmah,1670,0.0002253
aseraphos,1671,0.0002253
alpe,1672,0.0002253
alpd,1673,0.0002253
paz,1674,0.0002253
vrrabah,1675,0.0002253
sool,1676,0.0002253
martbh,1677,0.0002253
pras,1678,0.0002253
anzazed,1679,0.0002253
prax,1680,0.0002253
orcha,1681,0.0002253
zumacah,1682,0.0002253
prac,1683,0.0002253
alls,1684,0.0002253
geuamna,1685,0.0002253
saoh,1686,0.0002253
goscam,1687,0.0002253
oxex,1688,0.0002253
nolph,1689,0.0002253
noxda,1690,0.0002253
cem,1691,0.0002253
fatesged,1692,0.0002253
din,1693,0.0002253
adra,1694,0.0002253
astmax,1695,0.0002253
ghehol,1696,0.0002253
vanglor,1697,0.0002253
luze,1698,0.0002253
cey,1699,0.0002253
gumah,1700,0.0002253
lasquith,1701,0.0002253
yalt,1702,0.0002253
vanta,1703,0.0002253
genoh,1704,0.0002253
lunpel,1705,0.0002253
oripat,1706,0.0002253
gandeua,1707,0.0002253
taft,1708,0.0002253
maradon,1709,0.0002253
enol,1710,0.0002253
vanget,1711,0.0002253
vanges,1712,0.0002253
demgoh,1713,0.0002253
vangem,1714,0.0002253
vancron,1715,0.0002253
amgedpha,1716,0.0002253
gronadox,1717,0.0002253
nac,1718,0.0002253
ahoha,1719,0.0002253
um'phazes,1720,0.0002253
sadg,1721,0.0002253
domiol,1722,0.0002253
miscam,1723,0.0002253
semblox,1724,0.0002253
asq,1725,0.0002253
pascha,1726,0.0002253
gura,1727,0.0002253
paxchadma,1728,0.0002253
ardeh,1729,0.0002253
asc,1730,0.0002253
sembloh,1731,0.0002253
nembla,1732,0.0002253
nostuamph,1733,0.0002253
masqueth,1734,0.0002253
argedco,1735,0.0002253
aschem,1736,0.0002253
arcasa,1737,0.0002253
pethel,1738,0.0002253
gathad,1739,0.0002253
astmu,1740,0.0002253
fian,1741,0.0002253
vn'sada,1742,0.0002253
nosad,1743,0.0002253
vocorthmoth,1744,0.0002253
dons,1745,0.0002253
varmiga,1746,0.0002253
nach,1747,0.0002253
gemse,1748,0.0002253
panzo,1749,0.0002253
demagens,1750,0.0002253
vansel,1751,0.0002253
famon,1752,0.0002253
finistab,1753,0.0002253
ocar,1754,0.0002253
vntah,1755,0.0002253
tato,1756,0.0002253
amse,1757,0.0002253
yntar,1758,0.0002253
vxa,1759,0.0002253
ganse,1760,0.0002253
palze,1761,0.0002253
luhoh,1762,0.0002253
angesel,1763,0.0002253
jem,1764,0.0002253
para,1765,0.0002253
genba,1766,0.0002253
zumcot,1767,0.0002253
jacaph,1768,0.0002253
vrdrah,1769,0.0002253
rons,1770,0.0002253
part,1771,0.0002253
vnaem,1772,0.0002253
oranza,1773,0.0002253
asca,1774,0.0002253
olms,1775,0.0002253
gemes,1776,0.0002253
noxax,1777,0.0002253
onbanzar,1778,0.0002253
orgen,1779,0.0002253
mahad,1780,0.0002253
drusad,1781,0.0002253
maches,1782,0.0002253
noxtah,1783,0.0002253
alduth,1784,0.0002253
viax,1785,0.0002253
amma,1786,0.0002253
arsad,1787,0.0002253
adras,1788,0.0002253
deune,1789,0.0002253
lesche,1790,0.0002253
agen,1791,0.0002253
alphoh,1792,0.0002253
lagra,1793,0.0002253
aged,1794,0.0002253
alphol,1795,0.0002253
nabscham,1796,0.0002253
geduth,1797,0.0002253
chilad,1798,0.0002253
onsem,1799,0.0002253
alst,1800,0.0002253
zanchcumachaseph,1801,0.0002253
zemnip,1802,0.0002253
blith,1803,0.0002253
labaah,1804,0.0002253
alsa,1805,0.0002253
vng,1806,0.0002253
oscom,1807,0.0002253
madena,1808,0.0002253
donaphe,1809,0.0002253
vxala,1810,0.0002253
arcasan,1811,0.0002253
iamles,1812,0.0002253
amah,1813,0.0002253
apodmacah,1814,0.0002253
drusala,1815,0.0002253
vstgam,1816,0.0002253
ochadah,1817,0.0002253
ohaax,1818,0.0002253
vnx,1819,0.0002253
phath,1820,0.0002253
vergol,1821,0.0002253
oghe,1822,0.0002253
vlpa,1823,0.0002253
arsod,1824,0.0002253
lonsugalan,1825,0.0002253
madol,1826,0.0002253
zamgyssel,1827,0.0002253
zupra,1828,0.0002253
netma,1829,0.0002253
vngef,1830,0.0002253
sadma,1831,0.0002253
poh,1832,0.0002253
afcal,1833,0.0002253
gole,1834,0.0002253
sadgla,1835,0.0002253
gols,1836,0.0002253
datques,1837,0.0002253
amles,1838,0.0002253
argla,1839,0.0002253
orma,1840,0.0002253
algors,1841,0.0002253
vamnad,1842,0.0002253
varmol,1843,0.0002253
argli,1844,0.0002253
iex,1845,0.0002253
alides,1846,0.0002253
anqe,1847,0.0002253
mosel,1848,0.0002253
nadah,1849,0.0002253
gemnache,1850,0.0002253
ques,1851,0.0002253
husage,1852,0.0002253
gampbox,1853,0.0002253
adgzelga,1854,0.0002253
daqueth,1855,0.0002253
gaslah,1856,0.0002253
granse,1857,0.0002253
arzulgh,1858,0.0002253
caphzed,1859,0.0002253
o'xembles,1860,0.0002253
ordaquaf,1861,0.0002253
can'caphes,1862,0.0002253
vrnah,1863,0.0002253
corsal,1864,0.0002253
lachef,1865,0.0002253
adpun,1866,0.0002253
iaphan,1867,0.0002253
pasque,1868,0.0002253
orch,1869,0.0002253
gelh,1870,0.0002253
almse,1871,0.0002253
daxeth,1872,0.0002253
uomplinanohahal,1873,0.0002253
umblosda,1874,0.0002253
ses,1875,0.0002253
manget,1876,0.0002253
lamfo,1877,0.0002253
sentqbt,1878,0.0002253
gothel,1879,0.0002253
sed,1880,0.0002253
iarques,1881,0.0002253
vombalzah,1882,0.0002253
sen,1883,0.0002253
sel,1884,0.0002253
geph,1885,0.0002253
affafefafed,1886,0.0002253
amaxchano,1887,0.0002253
selqui,1888,0.0002253
atra,1889,0.0002253
iehuscoth,1890,0.0002253
ahoh,1891,0.0002253
orsageh,1892,0.0002253
faxno,1893,0.0002253
gesme,1894,0.0002253
lem,1895,0.0002253
pamo,1896,0.0002253
vrdra,1897,0.0002253
brisfog,1898,0.0002253
lap,1899,0.0002253
both,1900,0.0002253
nahah,1901,0.0002253
last,1902,0.0002253
vorzad,1903,0.0002253
archads,1904,0.0002253
onmah,1905,0.0002253
adq,1906,0.0002253
lubeth,1907,0.0002253
gadne,1908,0.0002253
panselogen,1909,0.0002253
phedeph,1910,0.0002253
ormachadagenox,1911,0.0002253
iehusa,1912,0.0002253
olemneh,1913,0.0002253
sedlo,1914,0.0002253
ascraph,1915,0.0002253
andax,1916,0.0002253
ollo,1917,0.0002253
ihehudz,1918,0.0002253
gemlehox,1919,0.0002253
zancu,1920,0.0002253
noshan,1921,0.0002253
vrnach,1922,0.0002253
asda,1923,0.0002253
leoz,1924,0.0002253
chlyfod,1925,0.0002253
nades,1926,0.0002253
zurath,1927,0.0002253
adepoad,1928,0.0002253
pamphica,1929,0.0002253
lozma,1930,0.0002253
pe,1931,0.0002253
napo,1932,0.0002253
nonsurrach,1933,0.0002253
oschala,1934,0.0002253
artsnad,1935,0.0002253
lahad,1936,0.0002253
excol,1937,0.0002253
mases,1938,0.0002253
orgemvah,1939,0.0002253
pathmataph,1940,0.0002253
ages,1941,0.0002253
gau,1942,0.0002253
vana,1943,0.0002253
adcath,1944,0.0002253
gab,1945,0.0002253
naqas,1946,0.0002253
adrah,1947,0.0002253
zuncapha,1948,0.0002253
lood,1949,0.0002253
cusma,1950,0.0002253
pace,1951,0.0002253
durah,1952,0.0002253
duran,1953,0.0002253
panchah,1954,0.0002253
onzabel,1955,0.0002253
lumbor,1956,0.0002253
vrabro,1957,0.0002253
lomah,1958,0.0002253
zubah,1959,0.0002253
lofgono,1960,0.0002253
lumrad,1961,0.0002253
vamsech,1962,0.0002253
honza,1963,0.0002253
nubrod,1964,0.0002253
va'n,1965,0.0002253
semneh,1966,0.0002253
nabulax,1967,0.0002253
gegath,1968,0.0002253
granx,1969,0.0002253
semquax,1970,0.0002253
dauangeth,1971,0.0002253
labac,1972,0.0002253
vomreb,1973,0.0002253
bantes,1974,0.0002253
naba,1975,0.0002253
vomreh,1976,0.0002253
galsaropah,1977,0.0002253
orphade,1978,0.0002253
vardamach,1979,0.0002253
veslah,1980,0.0002253
artman,1981,0.0002253
druxarh,1982,0.0002253
domph,1983,0.0002253
olden,1984,0.0002253
nols,1985,0.0002253
tardemah,1986,0.0002253
gemsah,1987,0.0002253
oliba,1988,0.0002253
poho,1989,0.0002253
patel,1990,0.0002253
achepasmacapha,1991,0.0002253
sedcatah,1992,0.0002253
gems,1993,0.0002253
sandam,1994,0.0002253
chidomph,1995,0.0002253
gema,1996,0.0002253
v'mage,1997,0.0002253
alped,1998,0.0002253
corhg,1999,0.0002253
vn'za,2000,0.0002253
gams,2001,0.0002253
gamnat,2002,0.0002253
nebthuh,2003,0.0002253
alida,2004,0.0002253
maxa,2005,0.0002253
lepah,2006,0.0002253
iehudeh,2007,0.0002253
olneh,2008,0.0002253
olso,2009,0.0002253
vdan,2010,0.0002253
hasche,2011,0.0002253
vnrah,2012,0.0002253
asthmah,2013,0.0002253
maxiche,2014,0.0002253
genso,2015,0.0002253
vamreh,2016,0.0002253
ganpogan,2017,0.0002253
palo,2018,0.0002253
phanes,2019,0.0002253
nalbar,2020,0.0002253
vna,2021,0.0002253
luxh,2022,0.0002253
pes,2023,0.0002253
luxt,2024,0.0002253
nudach,2025,0.0002253
aneth,2026,0.0002253
comph,2027,0.0002253
vrdam,2028,0.0002253
laxa,2029,0.0002253
lascoda,2030,0.0002253
palmes,2031,0.0002253
amphicab,2032,0.0002253
asmar,2033,0.0002253
santa,2034,0.0002253
rus,2035,0.0002253
ascleh,2036,0.0002253
shing,2037,0.0002253
orcanor,2038,0.0002253
ihedutharh,2039,0.0002253
donchaph,2040,0.0002253
zedco,2041,0.0002253
vnad,2042,0.0002253
loscheph,2043,0.0002253
prasep,2044,0.0002253
voscon,2045,0.0002253
vanfax,2046,0.0002253
demnat,2047,0.0002253
nabrah,2048,0.0002253
dosch,2049,0.0002253
marpheth,2050,0.0002253
arpaget,2051,0.0002253
zuresch,2052,0.0002253
vrchan,2053,0.0002253
lasteah,2054,0.0002253
lapidox,2055,0.0002253
ornisa,2056,0.0002253
phimacar,2057,0.0002253
vncah,2058,0.0002253
pachadah,2059,0.0002253
afna,2060,0.0002253
lamga,2061,0.0002253
asneph,2062,0.0002253
pamphicas,2063,0.0002253
desmaph,2064,0.0002253
zarvex,2065,0.0002253
vschna,2066,0.0002253
ascheph,2067,0.0002253
dulm,2068,0.0002253
zan,2069,0.0002253
pamphes,2070,0.0002253
zim,2071,0.0002253
voms,2072,0.0002253
ur,2073,0.0002253
daneph,2074,0.0002253
un,2075,0.0002253
lumfamge,2076,0.0002253
gahad,2077,0.0002253
nagah,2078,0.0002253
ua,2079,0.0002253
priscas,2080,0.0002253
gnasplat,2081,0.0002253
labba,2082,0.0002253
tassox,2083,0.0002253
ganses,2084,0.0002253
chas,2085,0.0002253
talpt,2086,0.0002253
agelpha,2087,0.0002253
gansel,2088,0.0002253
vmnah,2089,0.0002253
vonse,2090,0.0002253
vonsa,2091,0.0002253
omzadah,2092,0.0002253
ansel,2093,0.0002253
ansem,2094,0.0002253
nag,2095,0.0002253
pambals,2096,0.0002253
nan,2097,0.0002253
zamcheth,2098,0.0002253
nam,2099,0.0002253
nar,2100,0.0002253
vaacaah,2101,0.0002253
pandas,2102,0.0002253
olnoh,2103,0.0002253
drat,2104,0.0002253
vamfes,2105,0.0002253
dage,2106,0.0002253
canda,2107,0.0002253
zinach,2108,0.0002253
adney,2109,0.0002253
zudneph,2110,0.0002253
amidan,2111,0.0002253
taffom,2112,0.0002253
ago,2113,0.0002253
e,2114,0.0002253
dursca,2115,0.0002253
asdeh,2116,0.0002253
age,2117,0.0002253
oxamachad,2118,0.0002253
odgalsax,2119,0.0002253
teth,2120,0.0002253
onch,2121,0.0002253
asphed,2122,0.0002253
lanq,2123,0.0002253
prominabamigah,2124,0.0002253
luzath,2125,0.0002253
iubad,2126,0.0002253
marde,2127,0.0002253
ordan,2128,0.0002253
ascath,2129,0.0002253
ass,2130,0.0002253
gano,2131,0.0002253
tehl,2132,0.0002253
zoach,2133,0.0002253
pasch,2134,0.0002253
v'rnoc,2135,0.0002253
gorsan,2136,0.0002253
ascle,2137,0.0002253
navio,2138,0.0002253
pacadabaah,2139,0.0002253
sausah,2140,0.0002253
maah,2141,0.0002253
aldeh,2142,0.0002253
vlschan,2143,0.0002253
ornah,2144,0.0002253
varsaua,2145,0.0002253
ornad,2146,0.0002253
notes,2147,0.0002253
graos,2148,0.0002253
mocdacode,2149,0.0002253
carmax,2150,0.0002253
vastmah,2151,0.0002253
ornat,2152,0.0002253
iudad,2153,0.0002253
ihehudetha,2154,0.0002253
ze,2155,0.0002253
oxar,2156,0.0002253
donglses,2157,0.0002253
iudath,2158,0.0002253
oxal,2159,0.0002253
oxam,2160,0.0002253
gelholdim,2161,0.0002253
zy,2162,0.0002253
ampri,2163,0.0002253
affod,2164,0.0002253
ues,2165,0.0002253
trah,2166,0.0002253
aldumph,2167,0.0002253
nolsp,2168,0.0002253
gemnapam,2169,0.0002253
lubrah,2170,0.0002253
sables,2171,0.0002253
gemloh,2172,0.0002253
onzap,2173,0.0002253
leb,2174,0.0002253
led,2175,0.0002253
admi,2176,0.0002253
adme,2177,0.0002253
len,2178,0.0002253
latmah,2179,0.0002253
cheuach,2180,0.0002253
vslaffda,2181,0.0002253
iadsma,2182,0.0002253
lenges,2183,0.0002253
oarz,2184,0.0002253
gohor,2185,0.0002253
vorsah,2186,0.0002253
zubra,2187,0.0002253
vorsan,2188,0.0002253
luximagelo,2189,0.0002253
geno,2190,0.0002253
garhul,2191,0.0002253
aggs,2192,0.0002253
tomvamal,2193,0.0002253
lusache,2194,0.0002253
alnoth,2195,0.0002253
gena,2196,0.0002253
apx,2197,0.0002253
afma,2198,0.0002253
lafet,2199,0.0002253
lappad,2200,0.0002253
ghim,2201,0.0002253
gonse,2202,0.0002253
damva,2203,0.0002253
mabah,2204,0.0002253
varmara,2205,0.0002253
oxor,2206,0.0002253
chi,2207,0.0002253
oxox,2208,0.0002253
gero,2209,0.0002253
cho,2210,0.0002253
deoh,2211,0.0002253
zadcheth,2212,0.0002253
navadah,2213,0.0002253
nexo,2214,0.0002253
muzpa,2215,0.0002253
chy,2216,0.0002253
gasmagel,2217,0.0002253
v'rmigar,2218,0.0002253
famsah,2219,0.0002253
zapne,2220,0.0002253
guma,2221,0.0002253
urad,2222,0.0002253
uran,2223,0.0002253
vomsan,2224,0.0002253
gorhahalpstd,2225,0.0002253
tadna,2226,0.0002253
admax,2227,0.0002253
matastos,2228,0.0002253
omza,2229,0.0002253
lazed,2230,0.0002253
pilathob,2231,0.0002253
nephirt,2232,0.0002253
anma,2233,0.0002253
monsel,2234,0.0002253
oblicandon,2235,0.0002253
tarquat,2236,0.0002253
tax,2237,0.0002253
zabulan,2238,0.0002253
tauinar,2239,0.0002253
carpacoa,2240,0.0002253
daluah,2241,0.0002253
tal,2242,0.0002253
tam,2243,0.0002253
lemp,2244,0.0002253
lampharsad,2245,0.0002253
vankran,2246,0.0002253
gemedsol,2247,0.0002253
agsde,2248,0.0002253
amphes,2249,0.0002253
ormatenodah,2250,0.0002253
chra,2251,0.0002253
tzests,2252,0.0002253
paleu,2253,0.0002253
cosneth,2254,0.0002253
ochado,2255,0.0002253
sih,2256,0.0002253
onchas,2257,0.0002253
plignase,2258,0.0002253
snicol,2259,0.0002253
satquama,2260,0.0002253
chieuak,2261,0.0002253
gasmat,2262,0.0002253
soldemcah,2263,0.0002253
gedothar,2264,0.0002253
paphe,2265,0.0002253
absacancaphes,2266,0.0002253
nomre,2267,0.0002253
lascafes,2268,0.0002253
losge,2269,0.0002253
sebra,2270,0.0002253
osson,2271,0.0002253
vozcha,2272,0.0002253
vorza,2273,0.0002253
panoston,2274,0.0002253
anfal,2275,0.0002253
kapene,2276,0.0002253
vriah,2277,0.0002253
padohomagebs,2278,0.0002253
ordru,2279,0.0002253
v'lsage,2280,0.0002253
pusatha,2281,0.0002253
ozed,2282,0.0002253
lamsage,2283,0.0002253
daphmech,2284,0.0002253
lamphages,2285,0.0002253
gusels,2286,0.0002253
zorquem,2287,0.0002253
leoha,2288,0.0002253
daf,2289,0.0002253
zuncas,2290,0.0002253
handa,2291,0.0002253
dal,2292,0.0002253
gude,2293,0.0002253
dap,2294,0.0002253
dev'lmah,2295,0.0002253
das,2296,0.0002253
phamgah,2297,0.0002253
tantas,2298,0.0002253
vortaoh,2299,0.0002253
tantat,2300,0.0002253
marsasqual,2301,0.0002253
anpho,2302,0.0002253
amvi,2303,0.0002253
vrnacapacapah,2304,0.0002253
vonqueth,2305,0.0002253
margas,2306,0.0002253
axar,2307,0.0002253
phareph,2308,0.0002253
brazed,2309,0.0002253
voxlar,2310,0.0002253
lumato,2311,0.0002253
vmpaxal,2312,0.0002253
liboh,2313,0.0002253
geoh,2314,0.0002253
lampha,2315,0.0002253
lusaz,2316,0.0002253
loangah,2317,0.0002253
red,2318,0.0002253
tempa,2319,0.0002253
pahath,2320,0.0002253
iabso,2321,0.0002253
temps,2322,0.0002253
vombres,2323,0.0002253
oxamax,2324,0.0002253
gamnox,2325,0.0002253
lof,2326,0.0002253
gascampho,2327,0.0002253
samfah,2328,0.0002253
galpa,2329,0.0002253
iesmog,2330,0.0002253
napliorah,2331,0.0002253
allmaglo,2332,0.0002253
sableth,2333,0.0002253
samnefa,2334,0.0002253
galpz,2335,0.0002253
gaphramsana,2336,0.0002253
gamat,2337,0.0002253
vamcaphnapham,2338,0.0002253
zablis,2339,0.0002253
volsan,2340,0.0002253
zebog,2341,0.0002253
gesne,2342,0.0002253
vartop,2343,0.0002253
pamna,2344,0.0002253
gethom,2345,0.0002253
cefna,2346,0.0002253
palgeh,2347,0.0002253
ioth,2348,0.0002253
damath,2349,0.0002253
lape,2350,0.0002253
lot,2351,0.0002253
lepnazu,2352,0.0002253
nur,2353,0.0002253
tolcas,2354,0.0002253
lapha,2355,0.0002253
orno,2356,0.0002253
zucanzu,2357,0.0002253
orne,2358,0.0002253
zethas,2359,0.0002253
ogg,2360,0.0002253
orchal,2361,0.0002253
san',2362,0.0002253
astichel,2363,0.0002253
gages,2364,0.0002253
bef,2365,0.0002253
naxtath,2366,0.0002253
gedva,2367,0.0002253
seb,2368,0.0002253
dosam,2369,0.0002253
iadse,2370,0.0002253
arg,2371,0.0002253
aldah,2372,0.0002253
idah,2373,0.0002253
gelfay,2374,0.0002253
hoxan,2375,0.0002253
huadrongunda,2376,0.0002253
miz,2377,0.0002253
vamra,2378,0.0002253
baged,2379,0.0002253
yanzem,2380,0.0002253
loph,2381,0.0002253
casmet,2382,0.0002253
gemfel,2383,0.0002253
arcan,2384,0.0002253
sesquin,2385,0.0002253
ureseh,2386,0.0002253
gelet,2387,0.0002253
aschin,2388,0.0002253
chadgama,2389,0.0002253
iures,2390,0.0002253
oxne,2391,0.0002253
verox,2392,0.0002253
gest,2393,0.0002253
gerba,2394,0.0002253
ophide,2395,0.0002253
vnisapa,2396,0.0002253
umascala,2397,0.0002253
porsal,2398,0.0002253
asga,2399,0.0002253
segbat,2400,0.0002253
ornada,2401,0.0002253
asge,2402,0.0002253
noph,2403,0.0002253
arbel,2404,0.0002253
voxtaf,2405,0.0002253
tapa,2406,0.0002253
zalpe,2407,0.0002253
zalpa,2408,0.0002253
vates,2409,0.0002253
apoxan,2410,0.0002253
geman,2411,0.0002253
zemblodarma,2412,0.0002253
vonsao,2413,0.0002253
abrimanadg,2414,0.0002253
gemas,2415,0.0002253
naches,2416,0.0002253
ratrugem,2417,0.0002253
sebas,2418,0.0002253
gras,2419,0.0002253
macapal,2420,0.0002253
zureheffa,2421,0.0002253
ageff,2422,0.0002253
gram,2423,0.0002253
guse,2424,0.0002253
grad,2425,0.0002253
graf,2426,0.0002253
ampacoh,2427,0.0002253
madan,2428,0.0002253
gemnepoh,2429,0.0002253
vsplah,2430,0.0002253
sentepax,2431,0.0002253
gaho,2432,0.0002253
arsep,2433,0.0002253
gethcaph,2434,0.0002253
sempah,2435,0.0002253
babna,2436,0.0002253
lus,2437,0.0002253
gehotha,2438,0.0002253
lux,2439,0.0002253
zurtax,2440,0.0002253
macrom,2441,0.0002253
zomze,2442,0.0002253
vnban,2443,0.0002253
lud,2444,0.0002253
godalga,2445,0.0002253
vrza,2446,0.0002253
despa,2447,0.0002253
lum,2448,0.0002253
pangepi,2449,0.0002253
abfada,2450,0.0002253
seque,2451,0.0002253
zadphe,2452,0.0002253
vro,2453,0.0002253
vrn,2454,0.0002253
amudas,2455,0.0002253
latquataf,2456,0.0002253
norge,2457,0.0002253
laduch,2458,0.0002253
gendah,2459,0.0002253
maaga,2460,0.0002253
ch,2461,0.0002253
largemah,2462,0.0002253
zimegauna,2463,0.0002253
vonsepalescoh,2464,0.0002253
acurtoh,2465,0.0002253
sangef,2466,0.0002253
galsam,2467,0.0002253
noxdruma,2468,0.0002253
goho,2469,0.0002253
zemblocha,2470,0.0002253
cu,2471,0.0002253
nolpax,2472,0.0002253
yax,2473,0.0002253
andoh,2474,0.0002253
nolpah,2475,0.0002253
vanse,2476,0.0002253
ohe,2477,0.0002253
drana,2478,0.0002253
vantantquah,2479,0.0002253
vinco,2480,0.0002253
voxauaret,2481,0.0002253
adol,2482,0.0002253
laquet,2483,0.0002253
sanzapas,2484,0.0002253
vansag,2485,0.0002253
vilso,2486,0.0002253
lapch,2487,0.0002253
adop,2488,0.0002253
gescon,2489,0.0002253
vox'canah,2490,0.0002253
axpaa,2491,0.0002253
vnra,2492,0.0002253
zumbala,2493,0.0002253
agan,2494,0.0002253
agas,2495,0.0002253
axpar,2496,0.0002253
zemblagen,2497,0.0002253
hahaha,2498,0.0002253
abnath,2499,0.0002253
ve,2500,0.0002253
vh,2501,0.0002253
onman,2502,0.0002253
mazad,2503,0.0002253
avo,2504,0.0002253
voodal,2505,0.0002253
mazax,2506,0.0002253
nado,2507,0.0002253
vz,2508,0.0002253
medna,2509,0.0002253
malces,2510,0.0002253
orphammagah,2511,0.0002253
mechol,2512,0.0002253
nobtdambth,2513,0.0002253
orphamzamnahe,2514,0.0002253
vorxvam,2515,0.0002253
gulzad,2516,0.0002253
vmrod,2517,0.0002253
vord,2518,0.0002253
godamah,2519,0.0002253
nada,2520,0.0002253
sedmah,2521,0.0002253
ior,2522,0.0002253
vuamanabadoth,2523,0.0002253
zednu,2524,0.0002253
nob,2525,0.0002253
gemdax,2526,0.0002253
ioh,2527,0.0002253
machal,2528,0.0002253
dalph,2529,0.0002253
ocondah,2530,0.0002253
mech,2531,0.0002253
arisso,2532,0.0002253
i,2533,0.0002253
phar,2534,0.0002253
col,2535,0.0002253
phan,2536,0.0002253
adagma,2537,0.0002253
iotha,2538,0.0002253
phag,2539,0.0002253
ansoh,2540,0.0002253
lapproh,2541,0.0002253
ionsa,2542,0.0002253
velsa,2543,0.0002253
nostoah,2544,0.0002253
gamprida,2545,0.0002253
glun,2546,0.0002253
not,2547,0.0002253
subracah,2548,0.0002253
acaph,2549,0.0002253
nonson,2550,0.0002253
gumsah,2551,0.0002253
almesed,2552,0.0002253
ardrah,2553,0.0002253
anolphe,2554,0.0002253
vmvar,2555,0.0002253
asnah,2556,0.0002253
guth,2557,0.0002253
oxcapacad,2558,0.0002253
apsantah,2559,0.0002253
ade,2560,0.0002253
tepham,2561,0.0002253
ada,2562,0.0002253
parsodan,2563,0.0002253
cesto,2564,0.0002253
adipr,2565,0.0002253
dansequa,2566,0.0002253
aliboh,2567,0.0002253
iamda,2568,0.0002253
preso,2569,0.0002253
gelpa,2570,0.0002253
cedah,2571,0.0002253
nastosm,2572,0.0002253
nugaphar,2573,0.0002253
crus,2574,0.0002253
aschedh,2575,0.0002253
andsu,2576,0.0002253
alpuh,2577,0.0002253
vastnalpoh,2578,0.0002253
naoh,2579,0.0002253
gunza,2580,0.0002253
losd,2581,0.0002253
naxor,2582,0.0002253
lubatan,2583,0.0002253
gonfageph,2584,0.0002253
mabeth,2585,0.0002253
laxqui,2586,0.0002253
vpangah,2587,0.0002253
demsa,2588,0.0002253
vamchach,2589,0.0002253
murt,2590,0.0002253
lagem,2591,0.0002253
separ,2592,0.0002253
saubloth,2593,0.0002253
fedes,2594,0.0002253
nonsap,2595,0.0002253
oges,2596,0.0002253
pacadaah,2597,0.0002253
nadom,2598,0.0002253
nadon,2599,0.0002253
chidmap,2600,0.0002253
phaol,2601,0.0002253
oladmax,2602,0.0002253
duh,2603,0.0002253
gv'mzi,2604,0.0002253
ampna,2605,0.0002253
zimles,2606,0.0002253
zampha,2607,0.0002253
ahlud,2608,0.0002253
vz'ed,2609,0.0002253
antath,2610,0.0002253
ondeh,2611,0.0002253
noha,2612,0.0002253
zembles,2613,0.0002253
pacad,2614,0.0002253
gembusez,2615,0.0002253
coxech,2616,0.0002253
langed,2617,0.0002253
pricos,2618,0.0002253
zantclumbar,2619,0.0002253
alpan,2620,0.0002253
vamsed,2621,0.0002253
alpah,2622,0.0002253
axol,2623,0.0002253
morsab,2624,0.0002253
minodal,2625,0.0002253
orthox,2626,0.0002253
hoxpor,2627,0.0002253
vnsa,2628,0.0002253
dux,2629,0.0002253
danos,2630,0.0002253
alsplan,2631,0.0002253
lasque,2632,0.0002253
demapha,2633,0.0002253
vaz,2634,0.0002253
drusaxpa,2635,0.0002253
volsax,2636,0.0002253
vav,2637,0.0002253
axaroh,2638,0.0002253
lagnaph,2639,0.0002253
loggahah,2640,0.0002253
iaphes,2641,0.0002253
apnad,2642,0.0002253
granna,2643,0.0002253
bul,2644,0.0002253
odarnachoh,2645,0.0002253
lemne,2646,0.0002253
ondroh,2647,0.0002253
zemah,2648,0.0002253
made,2649,0.0002253
rugho,2650,0.0002253
po,2651,0.0002253
arne,2652,0.0002253
panst,2653,0.0002253
astna,2654,0.0002253
gauah,2655,0.0002253
asclor,2656,0.0002253
dauez,2657,0.0002253
pyth,2658,0.0002253
voxmor,2659,0.0002253
aneph,2660,0.0002253
pacheth,2661,0.0002253
vapron,2662,0.0002253
alsah,2663,0.0002253
iadd,2664,0.0002253
drinox,2665,0.0002253
arra,2666,0.0002253
guinse,2667,0.0002253
ontipodah,2668,0.0002253
oah,2669,0.0002253
chasca,2670,0.0002253
lerua,2671,0.0002253
axam,2672,0.0002253
axah,2673,0.0002253
doxam,2674,0.0002253
luthamba,2675,0.0002253
ondanpha,2676,0.0002253
cruscanse,2677,0.0002253
laspa,2678,0.0002253
agematon,2679,0.0002253
palugh,2680,0.0002253
ganebus,2681,0.0002253
lauda,2682,0.0002253
moxa,2683,0.0002253
agiod,2684,0.0002253
iodh,2685,0.0002253
ioda,2686,0.0002253
sempra,2687,0.0002253
labandaho,2688,0.0002253
oxangam,2689,0.0002253
