et,1,0.0320938,145
in,2,0.0104028,47
atque,3,0.0055334,25
per,4,0.0055334,25
aut,5,0.0053121,24
quae,6,0.0046481,21
ad,7,0.0046481,21
cum,8,0.0042054,19
aeneas,9,0.0039841,18
nec,10,0.0037627,17
hic,11,0.0037627,17
iam,12,0.0035414,16
tum,13,0.0035414,16
sic,14,0.0035414,16
non,15,0.0033201,15
est,16,0.0033201,15
te,17,0.0030987,14
o,18,0.0028774,13
si,19,0.0028774,13
ab,20,0.0028774,13
qui,21,0.0028774,13
se,22,0.0024347,11
dido,23,0.0024347,11
ac,24,0.0024347,11
sub,25,0.0024347,11
sed,26,0.0024347,11
nunc,27,0.0024347,11
haec,28,0.0024347,11
arma,29,0.0022134,10
hinc,30,0.0022134,10
dea,31,0.0022134,10
a,32,0.0022134,10
dum,33,0.0022134,10
ut,34,0.0022134,10
mihi,35,0.0022134,10
ubi,36,0.0022134,10
tibi,37,0.0019920,9
his,38,0.0019920,9
troiae,39,0.0019920,9
urbem,40,0.0019920,9
ille,41,0.0019920,9
qua,42,0.0019920,9
circum,43,0.0019920,9
moenia,44,0.0017707,8
tot,45,0.0017707,8
rerum,46,0.0017707,8
magno,47,0.0017707,8
erat,48,0.0017707,8
ante,49,0.0017707,8
at,50,0.0017707,8
regina,51,0.0017707,8
quem,52,0.0017707,8
quo,53,0.0017707,8
oris,54,0.0017707,8
italiam,55,0.0017707,8
venus,56,0.0015494,7
namque,57,0.0015494,7
genus,58,0.0015494,7
saxa,59,0.0015494,7
pectore,60,0.0015494,7
quam,61,0.0015494,7
talia,62,0.0015494,7
quibus,63,0.0015494,7
litora,64,0.0015494,7
quis,65,0.0015494,7
fata,66,0.0015494,7
hoc,67,0.0013280,6
dictis,68,0.0013280,6
classem,69,0.0013280,6
ipse,70,0.0013280,6
libyae,71,0.0013280,6
simul,72,0.0013280,6
navibus,73,0.0013280,6
iuno,74,0.0013280,6
primum,75,0.0013280,6
neque,76,0.0013280,6
inter,77,0.0013280,6
tu,78,0.0013280,6
achates,79,0.0013280,6
virum,80,0.0013280,6
res,81,0.0013280,6
undis,82,0.0013280,6
viris,83,0.0013280,6
quid,84,0.0013280,6
multa,85,0.0013280,6
quoque,86,0.0013280,6
me,87,0.0011067,5
quos,88,0.0011067,5
forte,89,0.0011067,5
navis,90,0.0011067,5
templum,91,0.0011067,5
fluctus,92,0.0011067,5
ait,93,0.0011067,5
ingens,94,0.0011067,5
rex,95,0.0011067,5
antiqua,96,0.0011067,5
super,97,0.0011067,5
alto,98,0.0011067,5
alta,99,0.0011067,5
ferro,100,0.0011067,5
pectora,101,0.0011067,5
nos,102,0.0011067,5
olim,103,0.0011067,5
ex,104,0.0011067,5
venit,105,0.0011067,5
regna,106,0.0011067,5
dedit,107,0.0011067,5
gentis,108,0.0011067,5
vos,109,0.0011067,5
pater,110,0.0011067,5
cui,111,0.0011067,5
fuit,112,0.0011067,5
pelago,113,0.0011067,5
interea,114,0.0011067,5
illi,115,0.0011067,5
aequora,116,0.0011067,5
ventis,117,0.0011067,5
litore,118,0.0011067,5
haud,119,0.0011067,5
fortemque,120,0.0011067,5
omnia,121,0.0011067,5
iunonis,122,0.0008853,4
quod,123,0.0008853,4
vento,124,0.0008853,4
enim,125,0.0008853,4
ipsa,126,0.0008853,4
imperium,127,0.0008853,4
de,128,0.0008853,4
septem,129,0.0008853,4
equos,130,0.0008853,4
bello,131,0.0008853,4
belli,132,0.0008853,4
aeneae,133,0.0008853,4
aras,134,0.0008853,4
hunc,135,0.0008853,4
animos,136,0.0008853,4
nova,137,0.0008853,4
ascanio,138,0.0008853,4
ne,139,0.0008853,4
data,140,0.0008853,4
equidem,141,0.0008853,4
ora,142,0.0008853,4
huc,143,0.0008853,4
numine,144,0.0008853,4
amore,145,0.0008853,4
summo,146,0.0008853,4
auro,147,0.0008853,4
mare,148,0.0008853,4
casus,149,0.0008853,4
fama,150,0.0008853,4
fortuna,151,0.0008853,4
domus,152,0.0008853,4
sidera,153,0.0008853,4
sunt,154,0.0008853,4
gentem,155,0.0008853,4
secum,156,0.0008853,4
ego,157,0.0008853,4
late,158,0.0008853,4
nate,159,0.0008853,4
terras,160,0.0008853,4
armis,161,0.0008853,4
urbe,162,0.0008853,4
insequitur,163,0.0008853,4
cura,164,0.0008853,4
teucrorum,165,0.0008853,4
divom,166,0.0008853,4
videt,167,0.0008853,4
centum,168,0.0008853,4
annos,169,0.0008853,4
ob,170,0.0008853,4
aequore,171,0.0008853,4
vertice,172,0.0008853,4
aeolus,173,0.0008853,4
reginam,174,0.0008853,4
talibus,175,0.0008853,4
ignem,176,0.0008853,4
puer,177,0.0008853,4
omnis,178,0.0008853,4
caput,179,0.0006640,3
quippe,180,0.0006640,3
supplex,181,0.0006640,3
pietate,182,0.0006640,3
laeta,183,0.0006640,3
consistere,184,0.0006640,3
noctem,185,0.0006640,3
pius,186,0.0006640,3
sceptra,187,0.0006640,3
labores,188,0.0006640,3
danaum,189,0.0006640,3
laborem,190,0.0006640,3
manus,191,0.0006640,3
longo,192,0.0006640,3
longe,193,0.0006640,3
terris,194,0.0006640,3
maria,195,0.0006640,3
dabit,196,0.0006640,3
arcem,197,0.0006640,3
una,198,0.0006640,3
sedesque,199,0.0006640,3
penitusque,200,0.0006640,3
qualis,201,0.0006640,3
ducit,202,0.0006640,3
hac,203,0.0006640,3
regemque,204,0.0006640,3
post,205,0.0006640,3
aenean,206,0.0006640,3
animo,207,0.0006640,3
petit,208,0.0006640,3
tris,209,0.0006640,3
dulci,210,0.0006640,3
nomen,211,0.0006640,3
genitor,212,0.0006640,3
montis,213,0.0006640,3
undas,214,0.0006640,3
finis,215,0.0006640,3
mentem,216,0.0006640,3
sententia,217,0.0006640,3
nubes,218,0.0006640,3
voce,219,0.0006640,3
fatis,220,0.0006640,3
constitit,221,0.0006640,3
alios,222,0.0006640,3
ore,223,0.0006640,3
cloanthum,224,0.0006640,3
pro,225,0.0006640,3
vasto,226,0.0006640,3
mecum,227,0.0006640,3
murmure,228,0.0006640,3
poeni,229,0.0006640,3
animum,230,0.0006640,3
corde,231,0.0006640,3
aere,232,0.0006640,3
media,233,0.0006640,3
agmine,234,0.0006640,3
caelo,235,0.0006640,3
caeli,236,0.0006640,3
regia,237,0.0006640,3
origine,238,0.0006640,3
dextra,239,0.0006640,3
premit,240,0.0006640,3
unam,241,0.0006640,3
illum,242,0.0006640,3
terra,243,0.0006640,3
oras,244,0.0006640,3
socios,245,0.0006640,3
ter,246,0.0006640,3
vix,247,0.0006640,3
furor,248,0.0006640,3
futuris,249,0.0006640,3
aequor,250,0.0006640,3
ponto,251,0.0006640,3
troia,252,0.0006640,3
turbine,253,0.0006640,3
portum,254,0.0006640,3
contra,255,0.0006640,3
pars,256,0.0006640,3
umbra,257,0.0006640,3
tenet,258,0.0006640,3
latio,259,0.0006640,3
corpora,260,0.0006640,3
postquam,261,0.0006640,3
metus,262,0.0006640,3
bis,263,0.0006640,3
locus,264,0.0006640,3
iura,265,0.0006640,3
fluctibus,266,0.0006640,3
nam,267,0.0006640,3
orbis,268,0.0006640,3
miratur,269,0.0006640,3
praeterea,270,0.0006640,3
nomine,271,0.0006640,3
saecula,272,0.0006640,3
alii,273,0.0006640,3
tam,274,0.0006640,3
subito,275,0.0006640,3
omnes,276,0.0006640,3
dat,277,0.0006640,3
illa,278,0.0006640,3
unda,279,0.0006640,3
unde,280,0.0006640,3
troes,281,0.0006640,3
caelum,282,0.0006640,3
oculos,283,0.0006640,3
sinus,284,0.0006640,3
arces,285,0.0006640,3
silvis,286,0.0006640,3
caelumque,287,0.0006640,3
fugam,288,0.0006640,3
sanguine,289,0.0006640,3
hominum,290,0.0006640,3
achate,291,0.0006640,3
iamque,292,0.0006640,3
sororum,293,0.0004427,2
umbris,294,0.0004427,2
lora,295,0.0004427,2
tenens,296,0.0004427,2
vocibus,297,0.0004427,2
metuens,298,0.0004427,2
tyriis,299,0.0004427,2
unius,300,0.0004427,2
refulsit,301,0.0004427,2
hominumque,302,0.0004427,2
achilli,303,0.0004427,2
orbem,304,0.0004427,2
mea,305,0.0004427,2
auras,306,0.0004427,2
laeti,307,0.0004427,2
tuum,308,0.0004427,2
harenae,309,0.0004427,2
tectis,310,0.0004427,2
petamus,311,0.0004427,2
obstipuit,312,0.0004427,2
torquet,313,0.0004427,2
teucrum,314,0.0004427,2
ilia,315,0.0004427,2
soror,316,0.0004427,2
etiam,317,0.0004427,2
tegmine,318,0.0004427,2
tyrii,319,0.0004427,2
tyria,320,0.0004427,2
tulit,321,0.0004427,2
sive,322,0.0004427,2
venti,323,0.0004427,2
gente,324,0.0004427,2
lacrimans,325,0.0004427,2
prius,326,0.0004427,2
muros,327,0.0004427,2
ingentia,328,0.0004427,2
talem,329,0.0004427,2
sociosque,330,0.0004427,2
perge,331,0.0004427,2
fugiens,332,0.0004427,2
cunctus,333,0.0004427,2
mirabile,334,0.0004427,2
dimittam,335,0.0004427,2
mortalia,336,0.0004427,2
corpus,337,0.0004427,2
perque,338,0.0004427,2
magnum,339,0.0004427,2
divae,340,0.0004427,2
trabes,341,0.0004427,2
troas,342,0.0004427,2
iuvenes,343,0.0004427,2
parant,344,0.0004427,2
memorem,345,0.0004427,2
dolore,346,0.0004427,2
mene,347,0.0004427,2
vestras,348,0.0004427,2
ordine,349,0.0004427,2
imminet,350,0.0004427,2
sorte,351,0.0004427,2
flammis,352,0.0004427,2
melius,353,0.0004427,2
accipiunt,354,0.0004427,2
voltus,355,0.0004427,2
voltum,356,0.0004427,2
uno,357,0.0004427,2
aquae,358,0.0004427,2
pulchra,359,0.0004427,2
pharetram,360,0.0004427,2
gyan,361,0.0004427,2
id,362,0.0004427,2
bella,363,0.0004427,2
aenis,364,0.0004427,2
maxima,365,0.0004427,2
facti,366,0.0004427,2
facto,367,0.0004427,2
victis,368,0.0004427,2
vocant,369,0.0004427,2
fortia,370,0.0004427,2
curas,371,0.0004427,2
fortis,372,0.0004427,2
auroque,373,0.0004427,2
amor,374,0.0004427,2
honorem,375,0.0004427,2
videntur,376,0.0004427,2
honores,377,0.0004427,2
romanos,378,0.0004427,2
condere,379,0.0004427,2
saxo,380,0.0004427,2
coram,381,0.0004427,2
rebus,382,0.0004427,2
latus,383,0.0004427,2
tela,384,0.0004427,2
imis,385,0.0004427,2
fore,386,0.0004427,2
teucros,387,0.0004427,2
viros,388,0.0004427,2
mediisque,389,0.0004427,2
ni,390,0.0004427,2
navem,391,0.0004427,2
datur,392,0.0004427,2
victu,393,0.0004427,2
fandi,394,0.0004427,2
aperto,395,0.0004427,2
repente,396,0.0004427,2
terrasque,397,0.0004427,2
arva,398,0.0004427,2
tenebat,399,0.0004427,2
lavini,400,0.0004427,2
alte,401,0.0004427,2
patriam,402,0.0004427,2
regem,403,0.0004427,2
achivis,404,0.0004427,2
tandem,405,0.0004427,2
similis,406,0.0004427,2
pergama,407,0.0004427,2
secutus,408,0.0004427,2
agens,409,0.0004427,2
parce,410,0.0004427,2
iussa,411,0.0004427,2
finibus,412,0.0004427,2
tali,413,0.0004427,2
forma,414,0.0004427,2
foribus,415,0.0004427,2
tollit,416,0.0004427,2
ea,417,0.0004427,2
potuit,418,0.0004427,2
cari,419,0.0004427,2
sede,420,0.0004427,2
mella,421,0.0004427,2
clauso,422,0.0004427,2
dardanio,423,0.0004427,2
silent,424,0.0004427,2
timorem,425,0.0004427,2
reliquias,426,0.0004427,2
animis,427,0.0004427,2
talis,428,0.0004427,2
nomenque,429,0.0004427,2
ignari,430,0.0004427,2
acesten,431,0.0004427,2
inani,432,0.0004427,2
numina,433,0.0004427,2
prima,434,0.0004427,2
primo,435,0.0004427,2
sidonia,436,0.0004427,2
inquit,437,0.0004427,2
manu,438,0.0004427,2
summa,439,0.0004427,2
auri,440,0.0004427,2
magna,441,0.0004427,2
tua,442,0.0004427,2
mari,443,0.0004427,2
tollere,444,0.0004427,2
sese,445,0.0004427,2
aethera,446,0.0004427,2
medio,447,0.0004427,2
imperio,448,0.0004427,2
ruunt,449,0.0004427,2
compagibus,450,0.0004427,2
iulo,451,0.0004427,2
iuli,452,0.0004427,2
regit,453,0.0004427,2
viri,454,0.0004427,2
tanti,455,0.0004427,2
tanto,456,0.0004427,2
tanta,457,0.0004427,2
virginis,458,0.0004427,2
reduces,459,0.0004427,2
acuto,460,0.0004427,2
syrtis,461,0.0004427,2
argentum,462,0.0004427,2
toto,463,0.0004427,2
impius,464,0.0004427,2
vastabat,465,0.0004427,2
refert,466,0.0004427,2
cupido,467,0.0004427,2
os,468,0.0004427,2
italia,469,0.0004427,2
hospitio,470,0.0004427,2
limina,471,0.0004427,2
iuppiter,472,0.0004427,2
meritis,473,0.0004427,2
an,474,0.0004427,2
omnibus,475,0.0004427,2
vadis,476,0.0004427,2
regni,477,0.0004427,2
tuorum,478,0.0004427,2
fas,479,0.0004427,2
ferit,480,0.0004427,2
alma,481,0.0004427,2
sua,482,0.0004427,2
conspectu,483,0.0004427,2
modo,484,0.0004427,2
iram,485,0.0004427,2
irae,486,0.0004427,2
prior,487,0.0004427,2
dicto,488,0.0004427,2
huic,489,0.0004427,2
vis,490,0.0004427,2
urbis,491,0.0004427,2
deo,492,0.0004427,2
acti,493,0.0004427,2
volgus,494,0.0004427,2
telluris,495,0.0004427,2
hesperiam,496,0.0004427,2
volvens,497,0.0004427,2
finem,498,0.0004427,2
tergo,499,0.0004427,2
intus,500,0.0004427,2
dehinc,501,0.0004427,2
subit,502,0.0004427,2
ast,503,0.0004427,2
avertit,504,0.0004427,2
carcere,505,0.0004427,2
saepe,506,0.0004427,2
caelestibus,507,0.0004427,2
fatus,508,0.0004427,2
fatur,509,0.0004427,2
clamore,510,0.0004427,2
dona,511,0.0004427,2
viam,512,0.0004427,2
corripuit,513,0.0004427,2
consilia,514,0.0004427,2
curruque,515,0.0004427,2
notus,516,0.0004427,2
novae,517,0.0004427,2
mulcet,518,0.0004427,2
victor,519,0.0004427,2
ipsos,520,0.0004427,2
aetheria,521,0.0004427,2
quorum,522,0.0004427,2
ibant,523,0.0004427,2
certe,524,0.0004427,2
haeret,525,0.0004427,2
gesserat,526,0.0004427,2
ardebant,527,0.0004427,2
operumque,528,0.0004427,2
seu,529,0.0004427,2
aspera,530,0.0004427,2
tempestatesque,531,0.0004427,2
pulcherrima,532,0.0004427,2
explorare,533,0.0004427,2
acris,534,0.0004427,2
medios,535,0.0004427,2
dicione,536,0.0004427,2
sine,537,0.0004427,2
faciem,538,0.0004427,2
temperat,539,0.0004427,2
tuus,540,0.0004427,2
terram,541,0.0004427,2
terrae,542,0.0004427,2
parentes,543,0.0004427,2
altum,544,0.0004427,2
tamen,545,0.0004427,2
salutem,546,0.0004427,2
munera,547,0.0004427,2
ferebat,548,0.0004427,2
urbi,549,0.0004427,2
oculis,550,0.0004427,2
exercet,551,0.0004427,2
teucri,552,0.0004427,2
iliacis,553,0.0004427,2
vires,554,0.0004427,2
ferant,555,0.0004427,2
aperit,556,0.0004427,2
e,557,0.0004427,2
audire,558,0.0004427,2
passis,559,0.0004427,2
tuta,560,0.0004427,2
vides,561,0.0004427,2
nympharum,562,0.0004427,2
anthea,563,0.0004427,2
pelagi,564,0.0004427,2
vertit,565,0.0004427,2
extrema,566,0.0004427,2
honos,567,0.0004427,2
austris,568,0.0004427,2
causas,569,0.0004427,2
locant,570,0.0004427,2
amissis,571,0.0004427,2
deos,572,0.0004427,2
adgnovit,573,0.0004427,2
mediis,574,0.0004427,2
ilioneus,575,0.0004427,2
locavit,576,0.0004427,2
utque,577,0.0004427,2
aurea,578,0.0004427,2
freta,579,0.0004427,2
omnem,580,0.0004427,2
voltu,581,0.0004427,2
adloquitur,582,0.0004427,2
labor,583,0.0004427,2
epulis,584,0.0004427,2
das,585,0.0004427,2
metu,586,0.0004427,2
iovis,587,0.0004427,2
matris,588,0.0004427,2
prospiciens,589,0.0004427,2
casibus,590,0.0004427,2
praemia,591,0.0004427,2
volvere,592,0.0004427,2
adversa,593,0.0004427,2
laetus,594,0.0004427,2
oscula,595,0.0004427,2
fluctu,596,0.0004427,2
achilles,597,0.0004427,2
altos,598,0.0004427,2
passus,599,0.0004427,2
cytherea,600,0.0004427,2
iniuria,601,0.0004427,2
virgo,602,0.0004427,2
currus,603,0.0004427,2
infandos,604,0.0004427,2
gremio,605,0.0004427,2
acestes,606,0.0004427,2
somno,607,0.0004427,2
penates,608,0.0004427,2
dederatque,609,0.0004427,2
coniunx,610,0.0004427,2
pontus,611,0.0004427,2
aspice,612,0.0004427,2
karthaginis,613,0.0004427,2
omni,614,0.0004427,2
vi,615,0.0004427,2
desuper,616,0.0004427,2
fastigia,617,0.0004427,2
laborum,618,0.0004427,2
scindit,619,0.0004427,2
rapidum,620,0.0004427,2
faciat,621,0.0004427,2
ostia,622,0.0004427,2
fatigat,623,0.0004427,2
fertur,624,0.0004427,2
sociis,625,0.0004427,2
regnis,626,0.0004427,2
laterum,627,0.0004427,2
auxilio,628,0.0004427,2
patrum,629,0.0004427,2
deinde,630,0.0004427,2
argis,631,0.0004427,2
capere,632,0.0004427,2
membra,633,0.0004427,2
illius,634,0.0004427,2
lacrimae,635,0.0002213,1
cyprum,636,0.0002213,1
caeloque,637,0.0002213,1
ilione,638,0.0002213,1
iacet,639,0.0002213,1
tangunt,640,0.0002213,1
totiens,641,0.0002213,1
pauci,642,0.0002213,1
aestus,643,0.0002213,1
inscribitur,644,0.0002213,1
rotis,645,0.0002213,1
iuvenum,646,0.0002213,1
spes,647,0.0002213,1
regalis,648,0.0002213,1
spem,649,0.0002213,1
fronte,650,0.0002213,1
strepitumque,651,0.0002213,1
filius,652,0.0002213,1
suum,653,0.0002213,1
ergo,654,0.0002213,1
tenent,655,0.0002213,1
sabaeo,656,0.0002213,1
revocant,657,0.0002213,1
cernere,658,0.0002213,1
spoliis,659,0.0002213,1
abit,660,0.0002213,1
oceano,661,0.0002213,1
deripiunt,662,0.0002213,1
venire,663,0.0002213,1
prora,664,0.0002213,1
frigore,665,0.0002213,1
credant,666,0.0002213,1
vectos,667,0.0002213,1
nemora,668,0.0002213,1
fixit,669,0.0002213,1
iungam,670,0.0002213,1
libyci,671,0.0002213,1
telis,672,0.0002213,1
virosque,673,0.0002213,1
mortalis,674,0.0002213,1
extulerat,675,0.0002213,1
accipit,676,0.0002213,1
corpore,677,0.0002213,1
apertum,678,0.0002213,1
sacerdos,679,0.0002213,1
feret,680,0.0002213,1
asia,681,0.0002213,1
fuga,682,0.0002213,1
dominabitur,683,0.0002213,1
victosque,684,0.0002213,1
neu,685,0.0002213,1
florea,686,0.0002213,1
turbabat,687,0.0002213,1
meo,688,0.0002213,1
amazonidum,689,0.0002213,1
restat,690,0.0002213,1
ater,691,0.0002213,1
pati,692,0.0002213,1
servate,693,0.0002213,1
tendebat,694,0.0002213,1
cingere,695,0.0002213,1
temnis,696,0.0002213,1
figet,697,0.0002213,1
arcum,698,0.0002213,1
solvite,699,0.0002213,1
femina,700,0.0002213,1
memnonis,701,0.0002213,1
nullo,702,0.0002213,1
nulla,703,0.0002213,1
fulmine,704,0.0002213,1
nescia,705,0.0002213,1
stridorque,706,0.0002213,1
ausus,707,0.0002213,1
dicunt,708,0.0002213,1
iubet,709,0.0002213,1
mensis,710,0.0002213,1
asperrima,711,0.0002213,1
dederat,712,0.0002213,1
foedere,713,0.0002213,1
idaliae,714,0.0002213,1
germanus,715,0.0002213,1
habebat,716,0.0002213,1
sermone,717,0.0002213,1
exacta,718,0.0002213,1
gustassent,719,0.0002213,1
umerosque,720,0.0002213,1
moenibus,721,0.0002213,1
educunt,722,0.0002213,1
accipe,723,0.0002213,1
molis,724,0.0002213,1
germanum,725,0.0002213,1
succurrere,726,0.0002213,1
insula,727,0.0002213,1
latinum,728,0.0002213,1
telo,729,0.0002213,1
purgat,730,0.0002213,1
adforet,731,0.0002213,1
musa,732,0.0002213,1
officio,733,0.0002213,1
rigentem,734,0.0002213,1
populare,735,0.0002213,1
accipies,736,0.0002213,1
sacrata,737,0.0002213,1
totos,738,0.0002213,1
accipiet,739,0.0002213,1
coluere,740,0.0002213,1
fragor,741,0.0002213,1
pinguis,742,0.0002213,1
quale,743,0.0002213,1
ganymedis,744,0.0002213,1
tecum,745,0.0002213,1
vosmet,746,0.0002213,1
timet,747,0.0002213,1
volente,748,0.0002213,1
fames,749,0.0002213,1
molirique,750,0.0002213,1
pulvis,751,0.0002213,1
incessu,752,0.0002213,1
tantane,753,0.0002213,1
orion,754,0.0002213,1
convexa,755,0.0002213,1
vocatos,756,0.0002213,1
tenditque,757,0.0002213,1
convexo,758,0.0002213,1
veho,759,0.0002213,1
permittit,760,0.0002213,1
tydides,761,0.0002213,1
cervos,762,0.0002213,1
revisit,763,0.0002213,1
tyriusque,764,0.0002213,1
hos,765,0.0002213,1
occumbere,766,0.0002213,1
scopulum,767,0.0002213,1
stringere,768,0.0002213,1
superum,769,0.0002213,1
arce,770,0.0002213,1
vincire,771,0.0002213,1
congressus,772,0.0002213,1
plaga,773,0.0002213,1
quassatam,774,0.0002213,1
hasta,775,0.0002213,1
aeoliam,776,0.0002213,1
vicit,777,0.0002213,1
nexaeque,778,0.0002213,1
locuta,779,0.0002213,1
optata,780,0.0002213,1
fetus,781,0.0002213,1
resupinus,782,0.0002213,1
opes,783,0.0002213,1
tumida,784,0.0002213,1
nostra,785,0.0002213,1
possit,786,0.0002213,1
flammato,787,0.0002213,1
dignas,788,0.0002213,1
adflictis,789,0.0002213,1
nostro,790,0.0002213,1
genti,791,0.0002213,1
elapsus,792,0.0002213,1
imo,793,0.0002213,1
vero,794,0.0002213,1
frusta,795,0.0002213,1
collem,796,0.0002213,1
genetrix,797,0.0002213,1
tyrrhenum,798,0.0002213,1
levibus,799,0.0002213,1
latos,800,0.0002213,1
suspenderat,801,0.0002213,1
stipante,802,0.0002213,1
premeret,803,0.0002213,1
thymo,804,0.0002213,1
cuncti,805,0.0002213,1
ales,806,0.0002213,1
luce,807,0.0002213,1
tendens,808,0.0002213,1
xanthumque,809,0.0002213,1
cingit,810,0.0002213,1
potiuntur,811,0.0002213,1
luco,812,0.0002213,1
curisque,813,0.0002213,1
habet,814,0.0002213,1
diana,815,0.0002213,1
venistis,816,0.0002213,1
composuit,817,0.0002213,1
saturniaque,818,0.0002213,1
inferretque,819,0.0002213,1
volvitur,820,0.0002213,1
floribus,821,0.0002213,1
ferat,822,0.0002213,1
vada,823,0.0002213,1
immania,824,0.0002213,1
quaeritis,825,0.0002213,1
remigio,826,0.0002213,1
cognomen,827,0.0002213,1
adire,828,0.0002213,1
orantes,829,0.0002213,1
ignobile,830,0.0002213,1
pinguisque,831,0.0002213,1
biremis,832,0.0002213,1
aequet,833,0.0002213,1
amplexus,834,0.0002213,1
strata,835,0.0002213,1
spumantis,836,0.0002213,1
regique,837,0.0002213,1
imposuit,838,0.0002213,1
bellaque,839,0.0002213,1
cruento,840,0.0002213,1
longum,841,0.0002213,1
nitentis,842,0.0002213,1
signis,843,0.0002213,1
resedit,844,0.0002213,1
vivere,845,0.0002213,1
componere,846,0.0002213,1
dolens,847,0.0002213,1
tuarum,848,0.0002213,1
amictu,849,0.0002213,1
amicti,850,0.0002213,1
rates,851,0.0002213,1
frater,852,0.0002213,1
monstrarat,853,0.0002213,1
suadet,854,0.0002213,1
natarum,855,0.0002213,1
ingenti,856,0.0002213,1
cernes,857,0.0002213,1
tydide,858,0.0002213,1
tantaene,859,0.0002213,1
recti,860,0.0002213,1
aerea,861,0.0002213,1
aether,862,0.0002213,1
ancora,863,0.0002213,1
stupet,864,0.0002213,1
iunoni,865,0.0002213,1
temnitis,866,0.0002213,1
minus,867,0.0002213,1
tridenti,868,0.0002213,1
apri,869,0.0002213,1
sidona,870,0.0002213,1
socii,871,0.0002213,1
exurere,872,0.0002213,1
speluncis,873,0.0002213,1
pallida,874,0.0002213,1
longa,875,0.0002213,1
nudavit,876,0.0002213,1
spumas,877,0.0002213,1
flammasque,878,0.0002213,1
absumpta,879,0.0002213,1
peplumque,880,0.0002213,1
captas,881,0.0002213,1
iacentis,882,0.0002213,1
fulvo,883,0.0002213,1
veniat,884,0.0002213,1
iustior,885,0.0002213,1
veniam,886,0.0002213,1
urbibus,887,0.0002213,1
respectant,888,0.0002213,1
laevaque,889,0.0002213,1
obvia,890,0.0002213,1
placidam,891,0.0002213,1
lecti,892,0.0002213,1
prodimur,893,0.0002213,1
ulli,894,0.0002213,1
metas,895,0.0002213,1
emissamque,896,0.0002213,1
ulla,897,0.0002213,1
sidoniam,898,0.0002213,1
lycios,899,0.0002213,1
ambobus,900,0.0002213,1
immanior,901,0.0002213,1
tellure,902,0.0002213,1
feraene,903,0.0002213,1
totumque,904,0.0002213,1
mens,905,0.0002213,1
regnum,906,0.0002213,1
caris,907,0.0002213,1
aequae,908,0.0002213,1
tristior,909,0.0002213,1
di,910,0.0002213,1
excipiet,911,0.0002213,1
circumdare,912,0.0002213,1
serestum,913,0.0002213,1
rependens,914,0.0002213,1
genuere,915,0.0002213,1
classemque,916,0.0002213,1
ruina,917,0.0002213,1
furens,918,0.0002213,1
saevique,919,0.0002213,1
meditor,920,0.0002213,1
poscere,921,0.0002213,1
profundum,922,0.0002213,1
monstrante,923,0.0002213,1
populos,924,0.0002213,1
mittite,925,0.0002213,1
saeva,926,0.0002213,1
dividit,927,0.0002213,1
lumina,928,0.0002213,1
atrox,929,0.0002213,1
volat,930,0.0002213,1
arcana,931,0.0002213,1
tergum,932,0.0002213,1
progeniem,933,0.0002213,1
ire,934,0.0002213,1
arcent,935,0.0002213,1
credo,936,0.0002213,1
sedens,937,0.0002213,1
metum,938,0.0002213,1
sedes,939,0.0002213,1
tyrios,940,0.0002213,1
fabor,941,0.0002213,1
sedet,942,0.0002213,1
zephyrumque,943,0.0002213,1
tenetis,944,0.0002213,1
linquant,945,0.0002213,1
fovetque,946,0.0002213,1
fremet,947,0.0002213,1
supereminet,948,0.0002213,1
conscendi,949,0.0002213,1
subvolvere,950,0.0002213,1
tyranni,951,0.0002213,1
tyriosque,952,0.0002213,1
faces,953,0.0002213,1
commissa,954,0.0002213,1
portans,955,0.0002213,1
rapti,956,0.0002213,1
summas,957,0.0002213,1
euroque,958,0.0002213,1
tendit,959,0.0002213,1
veneno,960,0.0002213,1
adspectat,961,0.0002213,1
meminisse,962,0.0002213,1
retexit,963,0.0002213,1
copia,964,0.0002213,1
votis,965,0.0002213,1
sperare,966,0.0002213,1
lybiae,967,0.0002213,1
lucos,968,0.0002213,1
suas,969,0.0002213,1
pallam,970,0.0002213,1
castra,971,0.0002213,1
reducit,972,0.0002213,1
manet,973,0.0002213,1
locorumque,974,0.0002213,1
capyn,975,0.0002213,1
sanctumque,976,0.0002213,1
carae,977,0.0002213,1
remi,978,0.0002213,1
luetis,979,0.0002213,1
remo,980,0.0002213,1
gradibus,981,0.0002213,1
cana,982,0.0002213,1
semper,983,0.0002213,1
cano,984,0.0002213,1
cogunt,985,0.0002213,1
it,986,0.0002213,1
experti,987,0.0002213,1
scopuloque,988,0.0002213,1
oreades,989,0.0002213,1
solemque,990,0.0002213,1
onerantque,991,0.0002213,1
caesariem,992,0.0002213,1
ruinis,993,0.0002213,1
iliacas,994,0.0002213,1
sperate,995,0.0002213,1
exire,996,0.0002213,1
ostroque,997,0.0002213,1
hanc,998,0.0002213,1
amicum,999,0.0002213,1
portas,1000,0.0002213,1
typhoia,1001,0.0002213,1
rutulis,1002,0.0002213,1
portae,1003,0.0002213,1
tune,1004,0.0002213,1
remordet,1005,0.0002213,1
iovisque,1006,0.0002213,1
inspires,1007,0.0002213,1
erycis,1008,0.0002213,1
posset,1009,0.0002213,1
secura,1010,0.0002213,1
facta,1011,0.0002213,1
superbum,1012,0.0002213,1
prohibemur,1013,0.0002213,1
somnis,1014,0.0002213,1
novos,1015,0.0002213,1
ducis,1016,0.0002213,1
ortum,1017,0.0002213,1
oronti,1018,0.0002213,1
ditissimus,1019,0.0002213,1
disiecitque,1020,0.0002213,1
patriaque,1021,0.0002213,1
succinctam,1022,0.0002213,1
tempestas,1023,0.0002213,1
unus,1024,0.0002213,1
ducta,1025,0.0002213,1
exsertae,1026,0.0002213,1
secundis,1027,0.0002213,1
ebori,1028,0.0002213,1
saturnia,1029,0.0002213,1
timavi,1030,0.0002213,1
arae,1031,0.0002213,1
natae,1032,0.0002213,1
fessi,1033,0.0002213,1
iaculata,1034,0.0002213,1
manebunt,1035,0.0002213,1
sarpedon,1036,0.0002213,1
viscera,1037,0.0002213,1
nuda,1038,0.0002213,1
ingentem,1039,0.0002213,1
sparsa,1040,0.0002213,1
horrentibus,1041,0.0002213,1
miris,1042,0.0002213,1
iactati,1043,0.0002213,1
moram,1044,0.0002213,1
aquilonibus,1045,0.0002213,1
salis,1046,0.0002213,1
arida,1047,0.0002213,1
vestris,1048,0.0002213,1
vesper,1049,0.0002213,1
priamum,1050,0.0002213,1
expulsum,1051,0.0002213,1
colloque,1052,0.0002213,1
achillem,1053,0.0002213,1
praevertitur,1054,0.0002213,1
geminique,1055,0.0002213,1
illo,1056,0.0002213,1
priamus,1057,0.0002213,1
iudis,1058,0.0002213,1
praesentemque,1059,0.0002213,1
neptunus,1060,0.0002213,1
scopulo,1061,0.0002213,1
scopuli,1062,0.0002213,1
lapis,1063,0.0002213,1
opis,1064,0.0002213,1
curru,1065,0.0002213,1
eodem,1066,0.0002213,1
adeo,1067,0.0002213,1
triginta,1068,0.0002213,1
fomite,1069,0.0002213,1
priorem,1070,0.0002213,1
respondent,1071,0.0002213,1
cervixque,1072,0.0002213,1
pugnas,1073,0.0002213,1
romulus,1074,0.0002213,1
fert,1075,0.0002213,1
decoram,1076,0.0002213,1
falle,1077,0.0002213,1
manibus,1078,0.0002213,1
opum,1079,0.0002213,1
senatum,1080,0.0002213,1
opus,1081,0.0002213,1
circumtextum,1082,0.0002213,1
prodita,1083,0.0002213,1
sonantis,1084,0.0002213,1
caelataque,1085,0.0002213,1
ascendebant,1086,0.0002213,1
conversa,1087,0.0002213,1
tendere,1088,0.0002213,1
patriis,1089,0.0002213,1
parcas,1090,0.0002213,1
impulerit,1091,0.0002213,1
medius,1092,0.0002213,1
ominibus,1093,0.0002213,1
vivoque,1094,0.0002213,1
locosque,1095,0.0002213,1
positis,1096,0.0002213,1
opibusque,1097,0.0002213,1
claustra,1098,0.0002213,1
deas,1099,0.0002213,1
egregiam,1100,0.0002213,1
subducere,1101,0.0002213,1
actos,1102,0.0002213,1
arceret,1103,0.0002213,1
mycenis,1104,0.0002213,1
magister,1105,0.0002213,1
pictura,1106,0.0002213,1
regesque,1107,0.0002213,1
veribusque,1108,0.0002213,1
montibus,1109,0.0002213,1
coronam,1110,0.0002213,1
ruebant,1111,0.0002213,1
diem,1112,0.0002213,1
decus,1113,0.0002213,1
gurgite,1114,0.0002213,1
fortissime,1115,0.0002213,1
naves,1116,0.0002213,1
pios,1117,0.0002213,1
placidum,1118,0.0002213,1
citius,1119,0.0002213,1
datum,1120,0.0002213,1
abdidit,1121,0.0002213,1
gemens,1122,0.0002213,1
stridebat,1123,0.0002213,1
odorem,1124,0.0002213,1
laeso,1125,0.0002213,1
humi,1126,0.0002213,1
accumbere,1127,0.0002213,1
exaudire,1128,0.0002213,1
vel,1129,0.0002213,1
lustris,1130,0.0002213,1
nimborum,1131,0.0002213,1
pietatis,1132,0.0002213,1
iactatos,1133,0.0002213,1
navigat,1134,0.0002213,1
quidve,1135,0.0002213,1
sequar,1136,0.0002213,1
gressumque,1137,0.0002213,1
dabat,1138,0.0002213,1
primaque,1139,0.0002213,1
dii,1140,0.0002213,1
miserata,1141,0.0002213,1
placat,1142,0.0002213,1
iter,1143,0.0002213,1
aula,1144,0.0002213,1
bellatrix,1145,0.0002213,1
committere,1146,0.0002213,1
leves,1147,0.0002213,1
spemque,1148,0.0002213,1
umectat,1149,0.0002213,1
cetera,1150,0.0002213,1
sanguinis,1151,0.0002213,1
levat,1152,0.0002213,1
intractabile,1153,0.0002213,1
eadem,1154,0.0002213,1
eurotae,1155,0.0002213,1
axumus,1156,0.0002213,1
nymphae,1157,0.0002213,1
praeruptus,1158,0.0002213,1
coetu,1159,0.0002213,1
cavum,1160,0.0002213,1
iungere,1161,0.0002213,1
tempestatumque,1162,0.0002213,1
current,1163,0.0002213,1
cursu,1164,0.0002213,1
exempta,1165,0.0002213,1
conderet,1166,0.0002213,1
pedes,1167,0.0002213,1
adparent,1168,0.0002213,1
incessit,1169,0.0002213,1
devenere,1170,0.0002213,1
exanimumque,1171,0.0002213,1
aliquam,1172,0.0002213,1
iactantem,1173,0.0002213,1
dulcia,1174,0.0002213,1
invia,1175,0.0002213,1
fremebant,1176,0.0002213,1
regnet,1177,0.0002213,1
miscetque,1178,0.0002213,1
partitur,1179,0.0002213,1
loco,1180,0.0002213,1
disiectam,1181,0.0002213,1
laetos,1182,0.0002213,1
ambiguam,1183,0.0002213,1
atris,1184,0.0002213,1
aeger,1185,0.0002213,1
commota,1186,0.0002213,1
frondea,1187,0.0002213,1
laboratae,1188,0.0002213,1
undam,1189,0.0002213,1
liceat,1190,0.0002213,1
urit,1191,0.0002213,1
arvaque,1192,0.0002213,1
memora,1193,0.0002213,1
mittit,1194,0.0002213,1
sponda,1195,0.0002213,1
potentem,1196,0.0002213,1
foliis,1197,0.0002213,1
oronten,1198,0.0002213,1
altae,1199,0.0002213,1
aestas,1200,0.0002213,1
ferre,1201,0.0002213,1
populo,1202,0.0002213,1
indicit,1203,0.0002213,1
phoebi,1204,0.0002213,1
alias,1205,0.0002213,1
implentur,1206,0.0002213,1
sator,1207,0.0002213,1
ducere,1208,0.0002213,1
voces,1209,0.0002213,1
vocem,1210,0.0002213,1
ilionei,1211,0.0002213,1
regali,1212,0.0002213,1
spe,1213,0.0002213,1
contingere,1214,0.0002213,1
despectare,1215,0.0002213,1
byrsam,1216,0.0002213,1
aptare,1217,0.0002213,1
manent,1218,0.0002213,1
diva,1219,0.0002213,1
placido,1220,0.0002213,1
matrem,1221,0.0002213,1
pygmalionis,1222,0.0002213,1
placida,1223,0.0002213,1
paridis,1224,0.0002213,1
sublimis,1225,0.0002213,1
quisquis,1226,0.0002213,1
lucus,1227,0.0002213,1
equis,1228,0.0002213,1
diversos,1229,0.0002213,1
apes,1230,0.0002213,1
illam,1231,0.0002213,1
oblata,1232,0.0002213,1
vertuntur,1233,0.0002213,1
phrygiasque,1234,0.0002213,1
cavata,1235,0.0002213,1
profugus,1236,0.0002213,1
leniit,1237,0.0002213,1
agetur,1238,0.0002213,1
poeniteat,1239,0.0002213,1
siculis,1240,0.0002213,1
maior,1241,0.0002213,1
sol,1242,0.0002213,1
nox,1243,0.0002213,1
penatis,1244,0.0002213,1
immane,1245,0.0002213,1
operi,1246,0.0002213,1
portabat,1247,0.0002213,1
tenuit,1248,0.0002213,1
servant,1249,0.0002213,1
servans,1250,0.0002213,1
odiis,1251,0.0002213,1
fugerent,1252,0.0002213,1
hebrum,1253,0.0002213,1
famam,1254,0.0002213,1
en,1255,0.0002213,1
ipsumque,1256,0.0002213,1
dedere,1257,0.0002213,1
supersunt,1258,0.0002213,1
audetis,1259,0.0002213,1
tempora,1260,0.0002213,1
es,1261,0.0002213,1
threissa,1262,0.0002213,1
celsa,1263,0.0002213,1
ilus,1264,0.0002213,1
corripuere,1265,0.0002213,1
unco,1266,0.0002213,1
latonae,1267,0.0002213,1
quare,1268,0.0002213,1
ibidem,1269,0.0002213,1
ledae,1270,0.0002213,1
scopulis,1271,0.0002213,1
veniant,1272,0.0002213,1
simili,1273,0.0002213,1
ibat,1274,0.0002213,1
nutrimenta,1275,0.0002213,1
nostram,1276,0.0002213,1
aegram,1277,0.0002213,1
veterisque,1278,0.0002213,1
indignantes,1279,0.0002213,1
subactis,1280,0.0002213,1
oenotri,1281,0.0002213,1
componat,1282,0.0002213,1
ingemit,1283,0.0002213,1
ture,1284,0.0002213,1
flumine,1285,0.0002213,1
cernitur,1286,0.0002213,1
vastis,1287,0.0002213,1
ternaque,1288,0.0002213,1
latentia,1289,0.0002213,1
celerare,1290,0.0002213,1
scuta,1291,0.0002213,1
claraque,1292,0.0002213,1
excedere,1293,0.0002213,1
peteret,1294,0.0002213,1
effundere,1295,0.0002213,1
cumque,1296,0.0002213,1
aliter,1297,0.0002213,1
ardentisque,1298,0.0002213,1
pergam,1299,0.0002213,1
serenat,1300,0.0002213,1
volutans,1301,0.0002213,1
breviter,1302,0.0002213,1
deiopea,1303,0.0002213,1
arboribus,1304,0.0002213,1
luctantes,1305,0.0002213,1
quas,1306,0.0002213,1
aetas,1307,0.0002213,1
maerentia,1308,0.0002213,1
nemorum,1309,0.0002213,1
alas,1310,0.0002213,1
accestis,1311,0.0002213,1
cardo,1312,0.0002213,1
refusa,1313,0.0002213,1
dehiscens,1314,0.0002213,1
conspexit,1315,0.0002213,1
quaecumque,1316,0.0002213,1
tendentemque,1317,0.0002213,1
raptaverat,1318,0.0002213,1
nemus,1319,0.0002213,1
immanisque,1320,0.0002213,1
procellis,1321,0.0002213,1
bilinguis,1322,0.0002213,1
mater,1323,0.0002213,1
adflarat,1324,0.0002213,1
dubii,1325,0.0002213,1
amissos,1326,0.0002213,1
crinibus,1327,0.0002213,1
deum,1328,0.0002213,1
arrectisque,1329,0.0002213,1
sedilia,1330,0.0002213,1
imos,1331,0.0002213,1
novitas,1332,0.0002213,1
nota,1333,0.0002213,1
effodere,1334,0.0002213,1
interior,1335,0.0002213,1
noto,1336,0.0002213,1
deus,1337,0.0002213,1
superbas,1338,0.0002213,1
muniet,1339,0.0002213,1
testudine,1340,0.0002213,1
saeptus,1341,0.0002213,1
numero,1342,0.0002213,1
plurimus,1343,0.0002213,1
tristes,1344,0.0002213,1
antrum,1345,0.0002213,1
calent,1346,0.0002213,1
facere,1347,0.0002213,1
invectus,1348,0.0002213,1
digna,1349,0.0002213,1
salo,1350,0.0002213,1
disiice,1351,0.0002213,1
mearum,1352,0.0002213,1
spolia,1353,0.0002213,1
sale,1354,0.0002213,1
recursat,1355,0.0002213,1
bibissent,1356,0.0002213,1
terrarum,1357,0.0002213,1
ferocia,1358,0.0002213,1
lusit,1359,0.0002213,1
ereptus,1360,0.0002213,1
nebula,1361,0.0002213,1
cunctis,1362,0.0002213,1
blandisque,1363,0.0002213,1
aena,1364,0.0002213,1
atridas,1365,0.0002213,1
laxas,1366,0.0002213,1
moresque,1367,0.0002213,1
addunt,1368,0.0002213,1
pectus,1369,0.0002213,1
dispulerat,1370,0.0002213,1
aeneadum,1371,0.0002213,1
plurima,1372,0.0002213,1
caecumque,1373,0.0002213,1
errabant,1374,0.0002213,1
virtutesque,1375,0.0002213,1
cunctisque,1376,0.0002213,1
pascet,1377,0.0002213,1
mecumque,1378,0.0002213,1
varios,1379,0.0002213,1
generi,1380,0.0002213,1
scelus,1381,0.0002213,1
coruscis,1382,0.0002213,1
complectitur,1383,0.0002213,1
docuere,1384,0.0002213,1
tyri,1385,0.0002213,1
hostia,1386,0.0002213,1
veniendi,1387,0.0002213,1
possis,1388,0.0002213,1
hostis,1389,0.0002213,1
despiciens,1390,0.0002213,1
sonat,1391,0.0002213,1
sopitum,1392,0.0002213,1
maestumque,1393,0.0002213,1
parens,1394,0.0002213,1
phthiam,1395,0.0002213,1
iutonuere,1396,0.0002213,1
cognitus,1397,0.0002213,1
collecta,1398,0.0002213,1
instaret,1399,0.0002213,1
sergestumque,1400,0.0002213,1
anchisae,1401,0.0002213,1
orientis,1402,0.0002213,1
poena,1403,0.0002213,1
nostri,1404,0.0002213,1
dives,1405,0.0002213,1
capessere,1406,0.0002213,1
tridentem,1407,0.0002213,1
rupe,1408,0.0002213,1
vescitur,1409,0.0002213,1
tantum,1410,0.0002213,1
veniet,1411,0.0002213,1
cecidit,1412,0.0002213,1
herbam,1413,0.0002213,1
frangere,1414,0.0002213,1
caici,1415,0.0002213,1
explebit,1416,0.0002213,1
dextram,1417,0.0002213,1
terga,1418,0.0002213,1
domo,1419,0.0002213,1
dextrae,1420,0.0002213,1
nostrumque,1421,0.0002213,1
quondam,1422,0.0002213,1
magne,1423,0.0002213,1
graviter,1424,0.0002213,1
dextras,1425,0.0002213,1
clarus,1426,0.0002213,1
adultos,1427,0.0002213,1
primus,1428,0.0002213,1
demum,1429,0.0002213,1
iustitiaque,1430,0.0002213,1
ossibus,1431,0.0002213,1
paret,1432,0.0002213,1
mons,1433,0.0002213,1
albanique,1434,0.0002213,1
amplius,1435,0.0002213,1
custode,1436,0.0002213,1
iactatum,1437,0.0002213,1
ministrat,1438,0.0002213,1
necdum,1439,0.0002213,1
iactatus,1440,0.0002213,1
coloni,1441,0.0002213,1
poli,1442,0.0002213,1
eripiunt,1443,0.0002213,1
amaracus,1444,0.0002213,1
corda,1445,0.0002213,1
velut,1446,0.0002213,1
velum,1447,0.0002213,1
conubio,1448,0.0002213,1
cynthi,1449,0.0002213,1
mediamque,1450,0.0002213,1
aera,1451,0.0002213,1
imperiis,1452,0.0002213,1
metumque,1453,0.0002213,1
concilias,1454,0.0002213,1
frenat,1455,0.0002213,1
vitalis,1456,0.0002213,1
multum,1457,0.0002213,1
tyriam,1458,0.0002213,1
tendimus,1459,0.0002213,1
fratrem,1460,0.0002213,1
casu,1461,0.0002213,1
surgunt,1462,0.0002213,1
aequabat,1463,0.0002213,1
abeuntibus,1464,0.0002213,1
magnanimum,1465,0.0002213,1
aethere,1466,0.0002213,1
surgit,1467,0.0002213,1
secutae,1468,0.0002213,1
moliri,1469,0.0002213,1
veras,1470,0.0002213,1
diversa,1471,0.0002213,1
securus,1472,0.0002213,1
multosque,1473,0.0002213,1
summi,1474,0.0002213,1
fluentis,1475,0.0002213,1
samo,1476,0.0002213,1
incute,1477,0.0002213,1
illyricos,1478,0.0002213,1
torrere,1479,0.0002213,1
liburnorum,1480,0.0002213,1
agenoris,1481,0.0002213,1
laudesque,1482,0.0002213,1
aura,1483,0.0002213,1
inhumati,1484,0.0002213,1
ingentibus,1485,0.0002213,1
quirinus,1486,0.0002213,1
suffusa,1487,0.0002213,1
ardet,1488,0.0002213,1
dissimulant,1489,0.0002213,1
statuo,1490,0.0002213,1
demittit,1491,0.0002213,1
subnectens,1492,0.0002213,1
petebant,1493,0.0002213,1
clauditur,1494,0.0002213,1
solve,1495,0.0002213,1
niveis,1496,0.0002213,1
intima,1497,0.0002213,1
rupes,1498,0.0002213,1
expirantem,1499,0.0002213,1
adgnoscit,1500,0.0002213,1
redolentque,1501,0.0002213,1
inermis,1502,0.0002213,1
parabat,1503,0.0002213,1
ventos,1504,0.0002213,1
molemque,1505,0.0002213,1
praestat,1506,0.0002213,1
celerisque,1507,0.0002213,1
interfata,1508,0.0002213,1
caecus,1509,0.0002213,1
libycis,1510,0.0002213,1
versa,1511,0.0002213,1
agmina,1512,0.0002213,1
iliades,1513,0.0002213,1
iustitia,1514,0.0002213,1
aspectu,1515,0.0002213,1
considere,1516,0.0002213,1
tabentis,1517,0.0002213,1
ipsum,1518,0.0002213,1
gemit,1519,0.0002213,1
imponet,1520,0.0002213,1
regis,1521,0.0002213,1
regio,1522,0.0002213,1
effodiunt,1523,0.0002213,1
dare,1524,0.0002213,1
legunt,1525,0.0002213,1
velis,1526,0.0002213,1
potentia,1527,0.0002213,1
infandum,1528,0.0002213,1
doli,1529,0.0002213,1
dolo,1530,0.0002213,1
prospicit,1531,0.0002213,1
tota,1532,0.0002213,1
domum,1533,0.0002213,1
perfer,1534,0.0002213,1
praemittit,1535,0.0002213,1
figunt,1536,0.0002213,1
meae,1537,0.0002213,1
avertere,1538,0.0002213,1
mensaeque,1539,0.0002213,1
artis,1540,0.0002213,1
nuntio,1541,0.0002213,1
notos,1542,0.0002213,1
penetrare,1543,0.0002213,1
dicet,1544,0.0002213,1
hiemem,1545,0.0002213,1
aeternum,1546,0.0002213,1
durate,1547,0.0002213,1
raptos,1548,0.0002213,1
gerens,1549,0.0002213,1
misceri,1550,0.0002213,1
idalium,1551,0.0002213,1
demissa,1552,0.0002213,1
miscere,1553,0.0002213,1
aeacidae,1554,0.0002213,1
recepto,1555,0.0002213,1
imago,1556,0.0002213,1
versat,1557,0.0002213,1
versis,1558,0.0002213,1
fratre,1559,0.0002213,1
contraria,1560,0.0002213,1
lumenque,1561,0.0002213,1
miranda,1562,0.0002213,1
superbis,1563,0.0002213,1
mensas,1564,0.0002213,1
artus,1565,0.0002213,1
fudit,1566,0.0002213,1
tutos,1567,0.0002213,1
grates,1568,0.0002213,1
diemque,1569,0.0002213,1
italis,1570,0.0002213,1
onerarat,1571,0.0002213,1
cient,1572,0.0002213,1
duplicem,1573,0.0002213,1
gravis,1574,0.0002213,1
series,1575,0.0002213,1
casum,1576,0.0002213,1
succepitque,1577,0.0002213,1
notusque,1578,0.0002213,1
quove,1579,0.0002213,1
lyncis,1580,0.0002213,1
confugio,1581,0.0002213,1
vestes,1582,0.0002213,1
fovebit,1583,0.0002213,1
flectit,1584,0.0002213,1
harenis,1585,0.0002213,1
phryges,1586,0.0002213,1
ministrant,1587,0.0002213,1
tutum,1588,0.0002213,1
quin,1589,0.0002213,1
vehebat,1590,0.0002213,1
veluti,1591,0.0002213,1
fluvii,1592,0.0002213,1
ventorum,1593,0.0002213,1
praecipue,1594,0.0002213,1
raptas,1595,0.0002213,1
moles,1596,0.0002213,1
tutus,1597,0.0002213,1
prementem,1598,0.0002213,1
vetant,1599,0.0002213,1
transfixo,1600,0.0002213,1
falsis,1601,0.0002213,1
acer,1602,0.0002213,1
bellantes,1603,0.0002213,1
rapidi,1604,0.0002213,1
largoque,1605,0.0002213,1
rosea,1606,0.0002213,1
fallasque,1607,0.0002213,1
fessas,1608,0.0002213,1
dilectus,1609,0.0002213,1
dicite,1610,0.0002213,1
latium,1611,0.0002213,1
albam,1612,0.0002213,1
adnavimus,1613,0.0002213,1
genuit,1614,0.0002213,1
vacet,1615,0.0002213,1
submersum,1616,0.0002213,1
mente,1617,0.0002213,1
implicet,1618,0.0002213,1
ubere,1619,0.0002213,1
videat,1620,0.0002213,1
concludere,1621,0.0002213,1
avertens,1622,0.0002213,1
detrudunt,1623,0.0002213,1
feroces,1624,0.0002213,1
hectora,1625,0.0002213,1
movebo,1626,0.0002213,1
evertitque,1627,0.0002213,1
pascit,1628,0.0002213,1
regno,1629,0.0002213,1
solioque,1630,0.0002213,1
fiducia,1631,0.0002213,1
iunonia,1632,0.0002213,1
cythera,1633,0.0002213,1
lupae,1634,0.0002213,1
quocirca,1635,0.0002213,1
purpureoque,1636,0.0002213,1
virginibus,1637,0.0002213,1
laetitiaque,1638,0.0002213,1
omnium,1639,0.0002213,1
vera,1640,0.0002213,1
nubem,1641,0.0002213,1
monile,1642,0.0002213,1
sicaniae,1643,0.0002213,1
defixit,1644,0.0002213,1
cuspide,1645,0.0002213,1
pericula,1646,0.0002213,1
cantusque,1647,0.0002213,1
hectorea,1648,0.0002213,1
partibus,1649,0.0002213,1
mammae,1650,0.0002213,1
exhaustos,1651,0.0002213,1
conscendit,1652,0.0002213,1
mulcere,1653,0.0002213,1
libavit,1654,0.0002213,1
coluisse,1655,0.0002213,1
saevitque,1656,0.0002213,1
circumdatur,1657,0.0002213,1
achaten,1658,0.0002213,1
suo,1659,0.0002213,1
sum,1660,0.0002213,1
lyaeum,1661,0.0002213,1
trahuntur,1662,0.0002213,1
optes,1663,0.0002213,1
argivom,1664,0.0002213,1
inque,1665,0.0002213,1
stridentibus,1666,0.0002213,1
fugientem,1667,0.0002213,1
quaeve,1668,0.0002213,1
sociisque,1669,0.0002213,1
excidunt,1670,0.0002213,1
solabar,1671,0.0002213,1
humanum,1672,0.0002213,1
verteret,1673,0.0002213,1
seditio,1674,0.0002213,1
iras,1675,0.0002213,1
theatris,1676,0.0002213,1
dictu,1677,0.0002213,1
promissa,1678,0.0002213,1
miseri,1679,0.0002213,1
socias,1680,0.0002213,1
iuvabit,1681,0.0002213,1
venientum,1682,0.0002213,1
teucris,1683,0.0002213,1
dicta,1684,0.0002213,1
longam,1685,0.0002213,1
moratur,1686,0.0002213,1
salus,1687,0.0002213,1
armaque,1688,0.0002213,1
longae,1689,0.0002213,1
iuventae,1690,0.0002213,1
resurgere,1691,0.0002213,1
clamorque,1692,0.0002213,1
via,1693,0.0002213,1
rudentum,1694,0.0002213,1
cyclopea,1695,0.0002213,1
incedo,1696,0.0002213,1
primis,1697,0.0002213,1
vim,1698,0.0002213,1
gressum,1699,0.0002213,1
memor,1700,0.0002213,1
silva,1701,0.0002213,1
liber,1702,0.0002213,1
videbat,1703,0.0002213,1
rura,1704,0.0002213,1
volvit,1705,0.0002213,1
tulerunt,1706,0.0002213,1
contundet,1707,0.0002213,1
more,1708,0.0002213,1
turbo,1709,0.0002213,1
factumque,1710,0.0002213,1
ostendunt,1711,0.0002213,1
belloque,1712,0.0002213,1
populum,1713,0.0002213,1
potuere,1714,0.0002213,1
validam,1715,0.0002213,1
sonanti,1716,0.0002213,1
agnos,1717,0.0002213,1
quaerere,1718,0.0002213,1
tuae,1719,0.0002213,1
coepit,1720,0.0002213,1
mali,1721,0.0002213,1
arcumque,1722,0.0002213,1
intactam,1723,0.0002213,1
relatam,1724,0.0002213,1
saltem,1725,0.0002213,1
fundamenta,1726,0.0002213,1
pono,1727,0.0002213,1
iactanti,1728,0.0002213,1
quicquid,1729,0.0002213,1
excudit,1730,0.0002213,1
coniugis,1731,0.0002213,1
simulans,1732,0.0002213,1
ponuntque,1733,0.0002213,1
receptas,1734,0.0002213,1
occasum,1735,0.0002213,1
inimicum,1736,0.0002213,1
bacchi,1737,0.0002213,1
plena,1738,0.0002213,1
prohibe,1739,0.0002213,1
certasse,1740,0.0002213,1
pleno,1741,0.0002213,1
phrygii,1742,0.0002213,1
alligat,1743,0.0002213,1
voluit,1744,0.0002213,1
monstrate,1745,0.0002213,1
incubat,1746,0.0002213,1
nostris,1747,0.0002213,1
stipant,1748,0.0002213,1
perlabitur,1749,0.0002213,1
fervet,1750,0.0002213,1
fatiscunt,1751,0.0002213,1
cornibus,1752,0.0002213,1
fundat,1753,0.0002213,1
cruentus,1754,0.0002213,1
terque,1755,0.0002213,1
efficit,1756,0.0002213,1
mortem,1757,0.0002213,1
praedas,1758,0.0002213,1
magalia,1759,0.0002213,1
subnixa,1760,0.0002213,1
dardanidae,1761,0.0002213,1
ita,1762,0.0002213,1
praedae,1763,0.0002213,1
iubebo,1764,0.0002213,1
atrum,1765,0.0002213,1
maculosae,1766,0.0002213,1
tyrias,1767,0.0002213,1
exigat,1768,0.0002213,1
vorat,1769,0.0002213,1
suppliciter,1770,0.0002213,1
heros,1771,0.0002213,1
lato,1772,0.0002213,1
alter,1773,0.0002213,1
fines,1774,0.0002213,1
arboreis,1775,0.0002213,1
coniungere,1776,0.0002213,1
defluxit,1777,0.0002213,1
dedi,1778,0.0002213,1
impar,1779,0.0002213,1
superbo,1780,0.0002213,1
coorta,1781,0.0002213,1
insigni,1782,0.0002213,1
surgebant,1783,0.0002213,1
porta,1784,0.0002213,1
optatis,1785,0.0002213,1
antenor,1786,0.0002213,1
agmen,1787,0.0002213,1
fidumque,1788,0.0002213,1
frustra,1789,0.0002213,1
arte,1790,0.0002213,1
iungit,1791,0.0002213,1
agri,1792,0.0002213,1
portus,1793,0.0002213,1
corruptam,1794,0.0002213,1
scaenis,1795,0.0002213,1
egenos,1796,0.0002213,1
quantum,1797,0.0002213,1
harpalyce,1798,0.0002213,1
sagittas,1799,0.0002213,1
palmas,1800,0.0002213,1
nesciat,1801,0.0002213,1
trinacrio,1802,0.0002213,1
disiungimur,1803,0.0002213,1
purpureum,1804,0.0002213,1
patuit,1805,0.0002213,1
regionibus,1806,0.0002213,1
graviora,1807,0.0002213,1
stagna,1808,0.0002213,1
senos,1809,0.0002213,1
simois,1810,0.0002213,1
diu,1811,0.0002213,1
campis,1812,0.0002213,1
patres,1813,0.0002213,1
confidere,1814,0.0002213,1
lacrimis,1815,0.0002213,1
concursu,1816,0.0002213,1
tentoria,1817,0.0002213,1
sinant,1818,0.0002213,1
nimbosus,1819,0.0002213,1
vetor,1820,0.0002213,1
iliacos,1821,0.0002213,1
vidimus,1822,0.0002213,1
ignibus,1823,0.0002213,1
ferinae,1824,0.0002213,1
equi,1825,0.0002213,1
invisum,1826,0.0002213,1
secessu,1827,0.0002213,1
laetantis,1828,0.0002213,1
terminet,1829,0.0002213,1
rapuitque,1830,0.0002213,1
compellat,1831,0.0002213,1
invisus,1832,0.0002213,1
ilium,1833,0.0002213,1
pabula,1834,0.0002213,1
ferentis,1835,0.0002213,1
odium,1836,0.0002213,1
conspexere,1837,0.0002213,1
divinum,1838,0.0002213,1
imbrem,1839,0.0002213,1
age,1840,0.0002213,1
viae,1841,0.0002213,1
dolos,1842,0.0002213,1
clarasque,1843,0.0002213,1
placitum,1844,0.0002213,1
insignem,1845,0.0002213,1
exciderant,1846,0.0002213,1
remos,1847,0.0002213,1
sequuntur,1848,0.0002213,1
restitit,1849,0.0002213,1
vocat,1850,0.0002213,1
plura,1851,0.0002213,1
irarum,1852,0.0002213,1
urguet,1853,0.0002213,1
novas,1854,0.0002213,1
achati,1855,0.0002213,1
propius,1856,0.0002213,1
novam,1857,0.0002213,1
matribus,1858,0.0002213,1
ponet,1859,0.0002213,1
romanosque,1860,0.0002213,1
cava,1861,0.0002213,1
miserabile,1862,0.0002213,1
caesar,1863,0.0002213,1
metuque,1864,0.0002213,1
hominem,1865,0.0002213,1
quaerenti,1866,0.0002213,1
primisque,1867,0.0002213,1
cursum,1868,0.0002213,1
circumfusa,1869,0.0002213,1
virumque,1870,0.0002213,1
advecti,1871,0.0002213,1
nodoque,1872,0.0002213,1
ignavom,1873,0.0002213,1
vastas,1874,0.0002213,1
esse,1875,0.0002213,1
caelique,1876,0.0002213,1
adveneris,1877,0.0002213,1
aeternis,1878,0.0002213,1
artes,1879,0.0002213,1
vereor,1880,0.0002213,1
eurum,1881,0.0002213,1
patavi,1882,0.0002213,1
volventibus,1883,0.0002213,1
eurus,1884,0.0002213,1
singula,1885,0.0002213,1
erramus,1886,0.0002213,1
nube,1887,0.0002213,1
lybicis,1888,0.0002213,1
flavo,1889,0.0002213,1
corripiunt,1890,0.0002213,1
regnumque,1891,0.0002213,1
signum,1892,0.0002213,1
superat,1893,0.0002213,1
victam,1894,0.0002213,1
submersasque,1895,0.0002213,1
patris,1896,0.0002213,1
ascanius,1897,0.0002213,1
fine,1898,0.0002213,1
olympo,1899,0.0002213,1
crudeles,1900,0.0002213,1
solus,1901,0.0002213,1
principibus,1902,0.0002213,1
opulentum,1903,0.0002213,1
solum,1904,0.0002213,1
deserta,1905,0.0002213,1
occulit,1906,0.0002213,1
convivia,1907,0.0002213,1
germanae,1908,0.0002213,1
amici,1909,0.0002213,1
comaeque,1910,0.0002213,1
vallis,1911,0.0002213,1
duplicis,1912,0.0002213,1
iuvabo,1913,0.0002213,1
prospectum,1914,0.0002213,1
perflant,1915,0.0002213,1
obscuro,1916,0.0002213,1
trahens,1917,0.0002213,1
pecus,1918,0.0002213,1
molirive,1919,0.0002213,1
avari,1920,0.0002213,1
priamumque,1921,0.0002213,1
modis,1922,0.0002213,1
vina,1923,0.0002213,1
potens,1924,0.0002213,1
fatorum,1925,0.0002213,1
errantem,1926,0.0002213,1
troilus,1927,0.0002213,1
tertia,1928,0.0002213,1
dabant,1929,0.0002213,1
umero,1930,0.0002213,1
transferet,1931,0.0002213,1
mutet,1932,0.0002213,1
assaraci,1933,0.0002213,1
argenti,1934,0.0002213,1
atra,1935,0.0002213,1
europa,1936,0.0002213,1
astris,1937,0.0002213,1
sole,1938,0.0002213,1
pelasgi,1939,0.0002213,1
adstitit,1940,0.0002213,1
sola,1941,0.0002213,1
numen,1942,0.0002213,1
submergere,1943,0.0002213,1
tenuere,1944,0.0002213,1
annis,1945,0.0002213,1
adoret,1946,0.0002213,1
polus,1947,0.0002213,1
subridens,1948,0.0002213,1
caterva,1949,0.0002213,1
orsus,1950,0.0002213,1
dabunt,1951,0.0002213,1
romae,1952,0.0002213,1
polum,1953,0.0002213,1
peltis,1954,0.0002213,1
olli,1955,0.0002213,1
beli,1956,0.0002213,1
fontem,1957,0.0002213,1
ardentes,1958,0.0002213,1
abreptas,1959,0.0002213,1
thesauros,1960,0.0002213,1
pygmalion,1961,0.0002213,1
fusique,1962,0.0002213,1
horrentia,1963,0.0002213,1
dux,1964,0.0002213,1
puppesque,1965,0.0002213,1
proruptum,1966,0.0002213,1
latiumque,1967,0.0002213,1
accedere,1968,0.0002213,1
carpis,1969,0.0002213,1
cessabit,1970,0.0002213,1
profecta,1971,0.0002213,1
excidio,1972,0.0002213,1
parat,1973,0.0002213,1
funera,1974,0.0002213,1
remotae,1975,0.0002213,1
referet,1976,0.0002213,1
adstant,1977,0.0002213,1
vani,1978,0.0002213,1
frugesque,1979,0.0002213,1
ignis,1980,0.0002213,1
cerealiaque,1981,0.0002213,1
laetissimus,1982,0.0002213,1
creberque,1983,0.0002213,1
pace,1984,0.0002213,1
praestanti,1985,0.0002213,1
contendunt,1986,0.0002213,1
feres,1987,0.0002213,1
incepto,1988,0.0002213,1
mentemque,1989,0.0002213,1
armenta,1990,0.0002213,1
discrimina,1991,0.0002213,1
discrimine,1992,0.0002213,1
iuga,1993,0.0002213,1
regius,1994,0.0002213,1
gestamus,1995,0.0002213,1
fremunt,1996,0.0002213,1
vox,1997,0.0002213,1
furit,1998,0.0002213,1
ponunt,1999,0.0002213,1
mos,2000,0.0002213,1
itali,2001,0.0002213,1
introgressi,2002,0.0002213,1
venatrix,2003,0.0002213,1
franguntur,2004,0.0002213,1
arrecti,2005,0.0002213,1
sertisque,2006,0.0002213,1
crispans,2007,0.0002213,1
bonus,2008,0.0002213,1
parentem,2009,0.0002213,1
felix,2010,0.0002213,1
eure,2011,0.0002213,1
immitis,2012,0.0002213,1
praesepibus,2013,0.0002213,1
nantes,2014,0.0002213,1
magnos,2015,0.0002213,1
paratas,2016,0.0002213,1
eurusque,2017,0.0002213,1
magnorum,2018,0.0002213,1
comae,2019,0.0002213,1
habitumque,2020,0.0002213,1
comam,2021,0.0002213,1
fragrantia,2022,0.0002213,1
incedit,2023,0.0002213,1
habilem,2024,0.0002213,1
nudant,2025,0.0002213,1
labentibus,2026,0.0002213,1
adnuis,2027,0.0002213,1
dapibusque,2028,0.0002213,1
nimborumque,2029,0.0002213,1
correpta,2030,0.0002213,1
cur,2031,0.0002213,1
vertant,2032,0.0002213,1
memores,2033,0.0002213,1
taurino,2034,0.0002213,1
egens,2035,0.0002213,1
nascetur,2036,0.0002213,1
clam,2037,0.0002213,1
saevae,2038,0.0002213,1
formae,2039,0.0002213,1
annalis,2040,0.0002213,1
incendia,2041,0.0002213,1
defessi,2042,0.0002213,1
amorem,2043,0.0002213,1
optume,2044,0.0002213,1
aestate,2045,0.0002213,1
servitio,2046,0.0002213,1
secundo,2047,0.0002213,1
vesta,2048,0.0002213,1
penthesilea,2049,0.0002213,1
iulius,2050,0.0002213,1
adspirans,2051,0.0002213,1
urbs,2052,0.0002213,1
suspirans,2053,0.0002213,1
accensa,2054,0.0002213,1
sceptrum,2055,0.0002213,1
flammas,2056,0.0002213,1
galeasque,2057,0.0002213,1
africus,2058,0.0002213,1
luxu,2059,0.0002213,1
templi,2060,0.0002213,1
dorsum,2061,0.0002213,1
flammam,2062,0.0002213,1
templo,2063,0.0002213,1
auxiliumque,2064,0.0002213,1
auribus,2065,0.0002213,1
longissima,2066,0.0002213,1
troiana,2067,0.0002213,1
troiano,2068,0.0002213,1
vectus,2069,0.0002213,1
scire,2070,0.0002213,1
puppim,2071,0.0002213,1
malus,2072,0.0002213,1
usa,2073,0.0002213,1
onera,2074,0.0002213,1
lyci,2075,0.0002213,1
compulsus,2076,0.0002213,1
incognita,2077,0.0002213,1
erepta,2078,0.0002213,1
hiems,2079,0.0002213,1
recondam,2080,0.0002213,1
viginti,2081,0.0002213,1
triton,2082,0.0002213,1
utinam,2083,0.0002213,1
gentibus,2084,0.0002213,1
fidus,2085,0.0002213,1
paphum,2086,0.0002213,1
cursus,2087,0.0002213,1
locum,2088,0.0002213,1
nodis,2089,0.0002213,1
accitu,2090,0.0002213,1
ipsi,2091,0.0002213,1
dardaniae,2092,0.0002213,1
sychaeus,2093,0.0002213,1
sychaeum,2094,0.0002213,1
abest,2095,0.0002213,1
gerebat,2096,0.0002213,1
vincula,2097,0.0002213,1
vidistis,2098,0.0002213,1
laetissima,2099,0.0002213,1
ductoresque,2100,0.0002213,1
superare,2101,0.0002213,1
altis,2102,0.0002213,1
cinxere,2103,0.0002213,1
errat,2104,0.0002213,1
excutitur,2105,0.0002213,1
auris,2106,0.0002213,1
obtutuque,2107,0.0002213,1
uti,2108,0.0002213,1
scintillam,2109,0.0002213,1
mutatus,2110,0.0002213,1
liquentia,2111,0.0002213,1
saepta,2112,0.0002213,1
aggere,2113,0.0002213,1
imaginibus,2114,0.0002213,1
matre,2115,0.0002213,1
nectare,2116,0.0002213,1
umeris,2117,0.0002213,1
semita,2118,0.0002213,1
pendentibus,2119,0.0002213,1
potuisse,2120,0.0002213,1
obtusa,2121,0.0002213,1
nigri,2122,0.0002213,1
laticemque,2123,0.0002213,1
furentem,2124,0.0002213,1
iniquae,2125,0.0002213,1
volucremque,2126,0.0002213,1
petentem,2127,0.0002213,1
ferens,2128,0.0002213,1
cellas,2129,0.0002213,1
conscia,2130,0.0002213,1
memorat,2131,0.0002213,1
iussus,2132,0.0002213,1
alarum,2133,0.0002213,1
propriamque,2134,0.0002213,1
croceo,2135,0.0002213,1
rabiem,2136,0.0002213,1
latuere,2137,0.0002213,1
ducat,2138,0.0002213,1
monstrat,2139,0.0002213,1
forsan,2140,0.0002213,1
tueri,2141,0.0002213,1
fotum,2142,0.0002213,1
gentemque,2143,0.0002213,1
eoasque,2144,0.0002213,1
sciret,2145,0.0002213,1
pronusque,2146,0.0002213,1
troianus,2147,0.0002213,1
comitatus,2148,0.0002213,1
morem,2149,0.0002213,1
vinclis,2150,0.0002213,1
donis,2151,0.0002213,1
avidi,2152,0.0002213,1
crebris,2153,0.0002213,1
sensit,2154,0.0002213,1
premet,2155,0.0002213,1
furias,2156,0.0002213,1
posthabita,2157,0.0002213,1
ignara,2158,0.0002213,1
certo,2159,0.0002213,1
quisquam,2160,0.0002213,1
aris,2161,0.0002213,1
gravem,2162,0.0002213,1
procul,2163,0.0002213,1
scopulos,2164,0.0002213,1
tergora,2165,0.0002213,1
vestis,2166,0.0002213,1
iustis,2167,0.0002213,1
regnantem,2168,0.0002213,1
ferebant,2169,0.0002213,1
illic,2170,0.0002213,1
deorum,2171,0.0002213,1
ripis,2172,0.0002213,1
bellum,2173,0.0002213,1
amantem,2174,0.0002213,1
reddere,2175,0.0002213,1
incautum,2176,0.0002213,1
infixit,2177,0.0002213,1
trahebat,2178,0.0002213,1
volvendis,2179,0.0002213,1
magis,2180,0.0002213,1
usquam,2181,0.0002213,1
barbara,2182,0.0002213,1
geminam,2183,0.0002213,1
velo,2184,0.0002213,1
noxam,2185,0.0002213,1
ornatus,2186,0.0002213,1
honore,2187,0.0002213,1
vela,2188,0.0002213,1
lustrare,2189,0.0002213,1
bellis,2190,0.0002213,1
natum,2191,0.0002213,1
occultum,2192,0.0002213,1
saevumque,2193,0.0002213,1
longius,2194,0.0002213,1
nobis,2195,0.0002213,1
velamen,2196,0.0002213,1
secant,2197,0.0002213,1
morsu,2198,0.0002213,1
tuaque,2199,0.0002213,1
spartanae,2200,0.0002213,1
teneatur,2201,0.0002213,1
arcebat,2202,0.0002213,1
decora,2203,0.0002213,1
aletes,2204,0.0002213,1
pariter,2205,0.0002213,1
genu,2206,0.0002213,1
gens,2207,0.0002213,1
vecti,2208,0.0002213,1
posco,2209,0.0002213,1
troiam,2210,0.0002213,1
micat,2211,0.0002213,1
quodcumque,2212,0.0002213,1
horrentique,2213,0.0002213,1
contigit,2214,0.0002213,1
certos,2215,0.0002213,1
causae,2216,0.0002213,1
duci,2217,0.0002213,1
motos,2218,0.0002213,1
duce,2219,0.0002213,1
secludite,2220,0.0002213,1
persolvere,2221,0.0002213,1
genitoris,2222,0.0002213,1
adversasque,2223,0.0002213,1
romanam,2224,0.0002213,1
trementia,2225,0.0002213,1
gero,2226,0.0002213,1
sternit,2227,0.0002213,1
aeole,2228,0.0002213,1
cognomine,2229,0.0002213,1
rupibus,2230,0.0002213,1
pollicitus,2231,0.0002213,1
iit,2232,0.0002213,1
additur,2233,0.0002213,1
quietem,2234,0.0002213,1
defixus,2235,0.0002213,1
populosque,2236,0.0002213,1
audetque,2237,0.0002213,1
rimisque,2238,0.0002213,1
incubuere,2239,0.0002213,1
incendat,2240,0.0002213,1
dolis,2241,0.0002213,1
fucos,2242,0.0002213,1
donum,2243,0.0002213,1
alia,2244,0.0002213,1
lapsa,2245,0.0002213,1
gressu,2246,0.0002213,1
dignor,2247,0.0002213,1
aversa,2248,0.0002213,1
alis,2249,0.0002213,1
tiberinaque,2250,0.0002213,1
loca,2251,0.0002213,1
scyllaeam,2252,0.0002213,1
clausam,2253,0.0002213,1
celsis,2254,0.0002213,1
heus,2255,0.0002213,1
mycenas,2256,0.0002213,1
nullam,2257,0.0002213,1
sis,2258,0.0002213,1
ubique,2259,0.0002213,1
fortunati,2260,0.0002213,1
sit,2261,0.0002213,1
frenare,2262,0.0002213,1
laviniaque,2263,0.0002213,1
gestare,2264,0.0002213,1
ilionea,2265,0.0002213,1
feta,2266,0.0002213,1
animam,2267,0.0002213,1
volant,2268,0.0002213,1
sin,2269,0.0002213,1
volans,2270,0.0002213,1
superante,2271,0.0002213,1
dominos,2272,0.0002213,1
pertemptant,2273,0.0002213,1
cervice,2274,0.0002213,1
quaero,2275,0.0002213,1
puppibus,2276,0.0002213,1
condebat,2277,0.0002213,1
pateant,2278,0.0002213,1
aeneadae,2279,0.0002213,1
classe,2280,0.0002213,1
bina,2281,0.0002213,1
laboris,2282,0.0002213,1
cardine,2283,0.0002213,1
intentant,2284,0.0002213,1
aquilone,2285,0.0002213,1
reductos,2286,0.0002213,1
nefandi,2287,0.0002213,1
dispulit,2288,0.0002213,1
restantia,2289,0.0002213,1
egressi,2290,0.0002213,1
lustrat,2291,0.0002213,1
karthago,2292,0.0002213,1
sumus,2293,0.0002213,1
eiectus,2294,0.0002213,1
imoque,2295,0.0002213,1
expediunt,2296,0.0002213,1
multos,2297,0.0002213,1
turbat,2298,0.0002213,1
hymenaeos,2299,0.0002213,1
insuper,2300,0.0002213,1
vestra,2301,0.0002213,1
turbam,2302,0.0002213,1
iugarat,2303,0.0002213,1
obrue,2304,0.0002213,1
iactemur,2305,0.0002213,1
gradientes,2306,0.0002213,1
volvunt,2307,0.0002213,1
studiisque,2308,0.0002213,1
belus,2309,0.0002213,1
lunatis,2310,0.0002213,1
geret,2311,0.0002213,1
tantas,2312,0.0002213,1
dirae,2313,0.0002213,1
subducite,2314,0.0002213,1
nostrae,2315,0.0002213,1
urbes,2316,0.0002213,1
extulit,2317,0.0002213,1
ductores,2318,0.0002213,1
nostras,2319,0.0002213,1
crudele,2320,0.0002213,1
priami,2321,0.0002213,1
tantae,2322,0.0002213,1
suras,2323,0.0002213,1
furentibus,2324,0.0002213,1
terramque,2325,0.0002213,1
graditur,2326,0.0002213,1
permixtum,2327,0.0002213,1
dixit,2328,0.0002213,1
revocate,2329,0.0002213,1
inconcessosque,2330,0.0002213,1
disco,2331,0.0002213,1
revocato,2332,0.0002213,1
omnipotens,2333,0.0002213,1
amorum,2334,0.0002213,1
pendent,2335,0.0002213,1
superbia,2336,0.0002213,1
veneris,2337,0.0002213,1
quietas,2338,0.0002213,1
gemitum,2339,0.0002213,1
flamma,2340,0.0002213,1
commotus,2341,0.0002213,1
hiberna,2342,0.0002213,1
possent,2343,0.0002213,1
cadis,2344,0.0002213,1
procacibus,2345,0.0002213,1
surgentemque,2346,0.0002213,1
lustrabunt,2347,0.0002213,1
velivolum,2348,0.0002213,1
crudelibus,2349,0.0002213,1
iactatam,2350,0.0002213,1
adsurgens,2351,0.0002213,1
togatam,2352,0.0002213,1
pharetra,2353,0.0002213,1
facis,2354,0.0002213,1
facit,2355,0.0002213,1
celavit,2356,0.0002213,1
dolores,2357,0.0002213,1
puppes,2358,0.0002213,1
maturate,2359,0.0002213,1
concurrere,2360,0.0002213,1
miseris,2361,0.0002213,1
adsum,2362,0.0002213,1
nebulae,2363,0.0002213,1
opimam,2364,0.0002213,1
cingula,2365,0.0002213,1
iudicium,2366,0.0002213,1
halant,2367,0.0002213,1
iactet,2368,0.0002213,1
troianoque,2369,0.0002213,1
vestro,2370,0.0002213,1
quando,2371,0.0002213,1
cumulo,2372,0.0002213,1
vestri,2373,0.0002213,1
minantur,2374,0.0002213,1
oppetere,2375,0.0002213,1
querentem,2376,0.0002213,1
nubibus,2377,0.0002213,1
immanibus,2378,0.0002213,1
rhesi,2379,0.0002213,1
saevus,2380,0.0002213,1
bacatum,2381,0.0002213,1
splendida,2382,0.0002213,1
aligerum,2383,0.0002213,1
saevum,2384,0.0002213,1
venimus,2385,0.0002213,1
profatur,2386,0.0002213,1
habenas,2387,0.0002213,1
onustum,2388,0.0002213,1
deumque,2389,0.0002213,1
numerum,2390,0.0002213,1
umbrae,2391,0.0002213,1
adnixus,2392,0.0002213,1
spretaeque,2393,0.0002213,1
accesserit,2394,0.0002213,1
inculta,2395,0.0002213,1
fluctusque,2396,0.0002213,1
requirunt,2397,0.0002213,1
mille,2398,0.0002213,1
volnus,2399,0.0002213,1
miscet,2400,0.0002213,1
visu,2401,0.0002213,1
visa,2402,0.0002213,1
viderit,2403,0.0002213,1
fides,2404,0.0002213,1
rege,2405,0.0002213,1
flucta,2406,0.0002213,1
mollitque,2407,0.0002213,1
iovemque,2408,0.0002213,1
progenies,2409,0.0002213,1
mercatique,2410,0.0002213,1
stetit,2411,0.0002213,1
inde,2412,0.0002213,1
capita,2413,0.0002213,1
distendunt,2414,0.0002213,1
litoraque,2415,0.0002213,1
referre,2416,0.0002213,1
brevia,2417,0.0002213,1
nostrorum,2418,0.0002213,1
venturum,2419,0.0002213,1
pallasne,2420,0.0002213,1
passi,2421,0.0002213,1
opperiens,2422,0.0002213,1
passa,2423,0.0002213,1
repostum,2424,0.0002213,1
iactetur,2425,0.0002213,1
siculae,2426,0.0002213,1
tros,2427,0.0002213,1
hector,2428,0.0002213,1
patrius,2429,0.0002213,1
oppressos,2430,0.0002213,1
hospitia,2431,0.0002213,1
adhuc,2432,0.0002213,1
augurium,2433,0.0002213,1
volgata,2434,0.0002213,1
glaebae,2435,0.0002213,1
tacitum,2436,0.0002213,1
locos,2437,0.0002213,1
molem,2438,0.0002213,1
phoenicum,2439,0.0002213,1
caede,2440,0.0002213,1
inliditque,2441,0.0002213,1
pascitur,2442,0.0002213,1
amyci,2443,0.0002213,1
veteres,2444,0.0002213,1
iamdudum,2445,0.0002213,1
grai,2446,0.0002213,1
instruitur,2447,0.0002213,1
conveniunt,2448,0.0002213,1
aulaeis,2449,0.0002213,1
accingunt,2450,0.0002213,1
solo,2451,0.0002213,1
audita,2452,0.0002213,1
cycnos,2453,0.0002213,1
reginae,2454,0.0002213,1
collectasque,2455,0.0002213,1
stirpe,2456,0.0002213,1
adfatur,2457,0.0002213,1
tristisque,2458,0.0002213,1
avexerat,2459,0.0002213,1
acantho,2460,0.0002213,1
recludit,2461,0.0002213,1
lux,2462,0.0002213,1
spiravere,2463,0.0002213,1
posse,2464,0.0002213,1
costis,2465,0.0002213,1
quaterque,2466,0.0002213,1
malorum,2467,0.0002213,1
erumpere,2468,0.0002213,1
inrigat,2469,0.0002213,1
indue,2470,0.0002213,1
phrygium,2471,0.0002213,1
seque,2472,0.0002213,1
memini,2473,0.0002213,1
libycos,2474,0.0002213,1
dicabo,2475,0.0002213,1
gradiensque,2476,0.0002213,1
instans,2477,0.0002213,1
instant,2478,0.0002213,1
vocabitur,2479,0.0002213,1
agite,2480,0.0002213,1
graii,2481,0.0002213,1
marte,2482,0.0002213,1
audierat,2483,0.0002213,1
totum,2484,0.0002213,1
troius,2485,0.0002213,1
crudelia,2486,0.0002213,1
compostus,2487,0.0002213,1
ambrosiaeque,2488,0.0002213,1
ipsius,2489,0.0002213,1
crudelis,2490,0.0002213,1
denis,2491,0.0002213,1
quarum,2492,0.0002213,1
stabili,2493,0.0002213,1
glomerantur,2494,0.0002213,1
troianae,2495,0.0002213,1
artificumque,2496,0.0002213,1
pio,2497,0.0002213,1
milibus,2498,0.0002213,1
centumque,2499,0.0002213,1
gaza,2500,0.0002213,1
maia,2501,0.0002213,1
columnas,2502,0.0002213,1
mavortia,2503,0.0002213,1
succedite,2504,0.0002213,1
meus,2505,0.0002213,1
quiescit,2506,0.0002213,1
donec,2507,0.0002213,1
occubat,2508,0.0002213,1
pontum,2509,0.0002213,1
novem,2510,0.0002213,1
multo,2511,0.0002213,1
hominesne,2512,0.0002213,1
cererem,2513,0.0002213,1
nutricis,2514,0.0002213,1
domos,2515,0.0002213,1
mensibus,2516,0.0002213,1
omne,2517,0.0002213,1
fugat,2518,0.0002213,1
vastos,2519,0.0002213,1
acies,2520,0.0002213,1
oramus,2521,0.0002213,1
applicat,2522,0.0002213,1
proxima,2523,0.0002213,1
parte,2524,0.0002213,1
obiectu,2525,0.0002213,1
desistere,2526,0.0002213,1
reponis,2527,0.0002213,1
veteris,2528,0.0002213,1
improvisus,2529,0.0002213,1
partu,2530,0.0002213,1
generis,2531,0.0002213,1
optare,2532,0.0002213,1
transierint,2533,0.0002213,1
citus,2534,0.0002213,1
claudentur,2535,0.0002213,1
recentibus,2536,0.0002213,1
extemplo,2537,0.0002213,1
tabulaeque,2538,0.0002213,1
genetricis,2539,0.0002213,1
constituit,2540,0.0002213,1
i,2541,0.0002213,1
vastae,2542,0.0002213,1
attollens,2543,0.0002213,1
errantis,2544,0.0002213,1
vinctus,2545,0.0002213,1
condet,2546,0.0002213,1
sibi,2547,0.0002213,1
dixisse,2548,0.0002213,1
scaena,2549,0.0002213,1
argivae,2550,0.0002213,1
abas,2551,0.0002213,1
patria,2552,0.0002213,1
caeca,2553,0.0002213,1
collectis,2554,0.0002213,1
regnabitur,2555,0.0002213,1
actam,2556,0.0002213,1
rapidus,2557,0.0002213,1
donisque,2558,0.0002213,1
convolsae,2559,0.0002213,1
portantur,2560,0.0002213,1
tauros,2561,0.0002213,1
phoenissa,2562,0.0002213,1
cernis,2563,0.0002213,1
nato,2564,0.0002213,1
simoentis,2565,0.0002213,1
occurrere,2566,0.0002213,1
fixos,2567,0.0002213,1
scelere,2568,0.0002213,1
hastilia,2569,0.0002213,1
paratae,2570,0.0002213,1
fati,2571,0.0002213,1
fato,2572,0.0002213,1
immota,2573,0.0002213,1
celerans,2574,0.0002213,1
solvuntur,2575,0.0002213,1
hoste,2576,0.0002213,1
palladis,2577,0.0002213,1
ludunt,2578,0.0002213,1
grandaevus,2579,0.0002213,1
helenae,2580,0.0002213,1
diffundere,2581,0.0002213,1
vortex,2582,0.0002213,1
ruinas,2583,0.0002213,1
palmis,2584,0.0002213,1
cristatus,2585,0.0002213,1
teneant,2586,0.0002213,1
verrantque,2587,0.0002213,1
incusat,2588,0.0002213,1
inimica,2589,0.0002213,1
doluisti,2590,0.0002213,1
peragro,2591,0.0002213,1
saepsit,2592,0.0002213,1
miserae,2593,0.0002213,1
gaudia,2594,0.0002213,1
magnam,2595,0.0002213,1
terres,2596,0.0002213,1
tecta,2597,0.0002213,1
exuit,2598,0.0002213,1
suspicit,2599,0.0002213,1
harena,2600,0.0002213,1
tecto,2601,0.0002213,1
volebat,2602,0.0002213,1
terraeque,2603,0.0002213,1
teucrorumque,2604,0.0002213,1
genitum,2605,0.0002213,1
parentis,2606,0.0002213,1
facilem,2607,0.0002213,1
viarum,2608,0.0002213,1
oilei,2609,0.0002213,1
gaudens,2610,0.0002213,1
ambages,2611,0.0002213,1
procella,2612,0.0002213,1
dirige,2613,0.0002213,1
laetitiamque,2614,0.0002213,1
pulsus,2615,0.0002213,1
rari,2616,0.0002213,1
benignam,2617,0.0002213,1
prolem,2618,0.0002213,1
laxis,2619,0.0002213,1
sublimemque,2620,0.0002213,1
tenerent,2621,0.0002213,1
dulces,2622,0.0002213,1
impulit,2623,0.0002213,1
cadet,2624,0.0002213,1
ignotus,2625,0.0002213,1
demissum,2626,0.0002213,1
perculsus,2627,0.0002213,1
choros,2628,0.0002213,1
vendebat,2629,0.0002213,1
receptos,2630,0.0002213,1
ignotum,2631,0.0002213,1
sedibus,2632,0.0002213,1
vertere,2633,0.0002213,1
marisque,2634,0.0002213,1
tunsae,2635,0.0002213,1
punica,2636,0.0002213,1
regnisque,2637,0.0002213,1
dolorem,2638,0.0002213,1
petere,2639,0.0002213,1
infert,2640,0.0002213,1
gemmis,2641,0.0002213,1
pubesque,2642,0.0002213,1
repetens,2643,0.0002213,1
hi,2644,0.0002213,1
aversus,2645,0.0002213,1
stridens,2646,0.0002213,1
legesque,2647,0.0002213,1
magistratusque,2648,0.0002213,1
adpulit,2649,0.0002213,1
mitescent,2650,0.0002213,1
doceas,2651,0.0002213,1
pueri,2652,0.0002213,1
absistit,2653,0.0002213,1
frangitur,2654,0.0002213,1
traiectaque,2655,0.0002213,1
sonoras,2656,0.0002213,1
horridus,2657,0.0002213,1
prole,2658,0.0002213,1
beati,2659,0.0002213,1
antro,2660,0.0002213,1
dura,2661,0.0002213,1
iuventus,2662,0.0002213,1
templis,2663,0.0002213,1
cothurno,2664,0.0002213,1
tempore,2665,0.0002213,1
premere,2666,0.0002213,1
mollis,2667,0.0002213,1
simulat,2668,0.0002213,1
infelix,2669,0.0002213,1
minores,2670,0.0002213,1
speculantur,2671,0.0002213,1
voltis,2672,0.0002213,1
montem,2673,0.0002213,1
iove,2674,0.0002213,1
stat,2675,0.0002213,1
quietum,2676,0.0002213,1
pariusve,2677,0.0002213,1
laudi,2678,0.0002213,1
pondus,2679,0.0002213,1
mediusve,2680,0.0002213,1
laude,2681,0.0002213,1
vana,2682,0.0002213,1
aiacis,2683,0.0002213,1
eos,2684,0.0002213,1
silici,2685,0.0002213,1
sulco,2686,0.0002213,1
cymothoe,2687,0.0002213,1
