chedy,1,0.0207597,94
shedy,2,0.0189929,86
daiin,3,0.0174470,79
qokedy,4,0.0174470,79
dar,5,0.0136926,62
or,6,0.0123675,56
qokeedy,7,0.0112633,51
aiin,8,0.0112633,51
ol,9,0.0103799,47
ar,10,0.0103799,47
dy,11,0.0097173,44
chdy,12,0.0094965,43
chckhy,13,0.0092756,42
qokain,14,0.0090548,41
chey,15,0.0086131,39
otedy,16,0.0086131,39
okedy,17,0.0079505,36
qokar,18,0.0077297,35
okaiin,19,0.0077297,35
okar,20,0.0072880,33
shey,21,0.0070671,32
saiin,22,0.0068463,31
y,23,0.0068463,31
dal,24,0.0064046,29
dain,25,0.0061837,28
s,26,0.0057420,26
qokeey,27,0.0055212,25
okeedy,28,0.0055212,25
okal,29,0.0053004,24
qokal,30,0.0053004,24
qoky,31,0.0050795,23
cheky,32,0.0050795,23
sheedy,33,0.0046378,21
qotedy,34,0.0044170,20
qokaiin,35,0.0044170,20
otar,36,0.0044170,20
okain,37,0.0041961,19
qol,38,0.0041961,19
qokey,39,0.0041961,19
oky,40,0.0041961,19
shdy,41,0.0039753,18
lchedy,42,0.0039753,18
ain,43,0.0037544,17
qokchdy,44,0.0035336,16
sheey,45,0.0035336,16
chody,46,0.0033127,15
oly,47,0.0033127,15
o,48,0.0033127,15
al,49,0.0030919,14
kedy,50,0.0030919,14
oty,51,0.0030919,14
ykar,52,0.0030919,14
sain,53,0.0028710,13
kar,54,0.0028710,13
shol,55,0.0028710,13
shckhy,56,0.0026502,12
r,57,0.0026502,12
cheody,58,0.0026502,12
checkhy,59,0.0026502,12
ytedy,60,0.0026502,12
okeey,61,0.0026502,12
oteedy,62,0.0026502,12
shy,63,0.0026502,12
otal,64,0.0026502,12
qotar,65,0.0024293,11
dshedy,66,0.0024293,11
kchdy,67,0.0024293,11
olaiin,68,0.0024293,11
keedy,69,0.0024293,11
ody,70,0.0024293,11
olchedy,71,0.0024293,11
cheol,72,0.0022085,10
qoteedy,73,0.0022085,10
otey,74,0.0022085,10
sheody,75,0.0022085,10
okam,76,0.0022085,10
oldy,77,0.0022085,10
tedy,78,0.0022085,10
daly,79,0.0022085,10
chy,80,0.0022085,10
chol,81,0.0022085,10
okeody,82,0.0019876,9
yteedy,83,0.0019876,9
oraiin,84,0.0019876,9
keody,85,0.0019876,9
sheol,86,0.0019876,9
dam,87,0.0019876,9
okey,88,0.0019876,9
cheedy,89,0.0019876,9
opchedy,90,0.0019876,9
otam,91,0.0019876,9
ykedy,92,0.0019876,9
qokol,93,0.0019876,9
dol,94,0.0017668,8
dor,95,0.0017668,8
d,96,0.0017668,8
sal,97,0.0017668,8
dchedy,98,0.0017668,8
chety,99,0.0017668,8
chcthy,100,0.0017668,8
sheky,101,0.0017668,8
otchdy,102,0.0017668,8
otain,103,0.0017668,8
ldy,104,0.0017668,8
ch,105,0.0017668,8
lchey,106,0.0017668,8
lshedy,107,0.0017668,8
tchedy,108,0.0017668,8
oteol,109,0.0015459,7
ypchedy,110,0.0015459,7
l,111,0.0015459,7
chky,112,0.0015459,7
sor,113,0.0015459,7
shody,114,0.0015459,7
sar,115,0.0015459,7
lol,116,0.0015459,7
qokeody,117,0.0015459,7
cthedy,118,0.0015459,7
cheey,119,0.0015459,7
sheckhy,120,0.0015459,7
ykeey,121,0.0015459,7
olkedy,122,0.0015459,7
dair,123,0.0015459,7
kaiin,124,0.0013251,6
ches,125,0.0013251,6
cheos,126,0.0013251,6
sair,127,0.0013251,6
lkedy,128,0.0013251,6
chdam,129,0.0013251,6
chdal,130,0.0013251,6
qotal,131,0.0013251,6
qokaldy,132,0.0013251,6
shor,133,0.0013251,6
dary,134,0.0013251,6
lor,135,0.0013251,6
pchedy,136,0.0013251,6
ykeedy,137,0.0013251,6
yteey,138,0.0013251,6
lkeedy,139,0.0013251,6
she,140,0.0013251,6
qo,141,0.0013251,6
otaiin,142,0.0013251,6
ykaiin,143,0.0013251,6
cthey,144,0.0011042,5
chckhey,145,0.0011042,5
olchey,146,0.0011042,5
cheor,147,0.0011042,5
chees,148,0.0011042,5
checthy,149,0.0011042,5
olky,150,0.0011042,5
sol,151,0.0011042,5
qotain,152,0.0011042,5
qolchey,153,0.0011042,5
okair,154,0.0011042,5
orain,155,0.0011042,5
lkar,156,0.0011042,5
olor,157,0.0011042,5
chor,158,0.0011042,5
am,159,0.0011042,5
pchedar,160,0.0011042,5
otchedy,161,0.0011042,5
shky,162,0.0011042,5
kal,163,0.0011042,5
dalshedy,164,0.0011042,5
okchdy,165,0.0011042,5
shcthy,166,0.0011042,5
qokam,167,0.0011042,5
oteey,168,0.0011042,5
char,169,0.0011042,5
qokchy,170,0.0011042,5
shecthy,171,0.0011042,5
chekedy,172,0.0011042,5
olshedy,173,0.0011042,5
ykal,174,0.0011042,5
shed,175,0.0011042,5
lchdy,176,0.0011042,5
kain,177,0.0011042,5
oteody,178,0.0008834,4
daldy,179,0.0008834,4
taiin,180,0.0008834,4
tol,181,0.0008834,4
ykeeody,182,0.0008834,4
qokees,183,0.0008834,4
odain,184,0.0008834,4
air,185,0.0008834,4
qotchdy,186,0.0008834,4
chekey,187,0.0008834,4
chckhdy,188,0.0008834,4
rol,189,0.0008834,4
okor,190,0.0008834,4
ory,191,0.0008834,4
okaldy,192,0.0008834,4
ckhy,193,0.0008834,4
sheeky,194,0.0008834,4
ytam,195,0.0008834,4
ockhy,196,0.0008834,4
chcthedy,197,0.0008834,4
otor,198,0.0008834,4
qokeeody,199,0.0008834,4
kor,200,0.0008834,4
olain,201,0.0008834,4
okaly,202,0.0008834,4
ochedy,203,0.0008834,4
qokaly,204,0.0008834,4
f,205,0.0008834,4
cheeky,206,0.0008834,4
tar,207,0.0008834,4
opchdy,208,0.0008834,4
olkeey,209,0.0008834,4
sshedy,210,0.0008834,4
ytchedy,211,0.0008834,4
qoty,212,0.0008834,4
opchey,213,0.0008834,4
okchy,214,0.0008834,4
aiir,215,0.0008834,4
odaiin,216,0.0008834,4
chekal,217,0.0008834,4
shee,218,0.0008834,4
aiiin,219,0.0008834,4
chek,220,0.0006625,3
qoaiin,221,0.0006625,3
daiir,222,0.0006625,3
ykain,223,0.0006625,3
keey,224,0.0006625,3
shear,225,0.0006625,3
qokedar,226,0.0006625,3
teedy,227,0.0006625,3
tor,228,0.0006625,3
kchedy,229,0.0006625,3
m,230,0.0006625,3
qokeed,231,0.0006625,3
ytey,232,0.0006625,3
chckhedy,233,0.0006625,3
olchdy,234,0.0006625,3
cthdy,235,0.0006625,3
chdar,236,0.0006625,3
chedal,237,0.0006625,3
cthy,238,0.0006625,3
pchdy,239,0.0006625,3
q,240,0.0006625,3
sh,241,0.0006625,3
ychey,242,0.0006625,3
olkey,243,0.0006625,3
yty,244,0.0006625,3
qoked,245,0.0006625,3
ytal,246,0.0006625,3
saldy,247,0.0006625,3
okeol,248,0.0006625,3
tshdy,249,0.0006625,3
ok,250,0.0006625,3
araiin,251,0.0006625,3
deey,252,0.0006625,3
qolchedy,253,0.0006625,3
qokody,254,0.0006625,3
aly,255,0.0006625,3
ty,256,0.0006625,3
otol,257,0.0006625,3
ypchdy,258,0.0006625,3
ytchdy,259,0.0006625,3
ofchy,260,0.0006625,3
solshey,261,0.0006625,3
chkeey,262,0.0006625,3
okchey,263,0.0006625,3
checkhey,264,0.0006625,3
x,265,0.0006625,3
alol,266,0.0006625,3
chekeedy,267,0.0006625,3
lshey,268,0.0006625,3
yshedy,269,0.0006625,3
qopchdy,270,0.0006625,3
qokeor,271,0.0006625,3
chal,272,0.0006625,3
okees,273,0.0006625,3
ykchdy,274,0.0006625,3
sheor,275,0.0006625,3
chkaiin,276,0.0006625,3
orol,277,0.0006625,3
lodaiin,278,0.0006625,3
otchy,279,0.0006625,3
shekey,280,0.0006625,3
olsheey,281,0.0006625,3
chekaiin,282,0.0006625,3
olkaiin,283,0.0006625,3
shd,284,0.0006625,3
sho,285,0.0006625,3
chekar,286,0.0006625,3
okary,287,0.0006625,3
sheo,288,0.0006625,3
oldar,289,0.0006625,3
qocthedy,290,0.0006625,3
shedal,291,0.0006625,3
olshey,292,0.0006625,3
fchedy,293,0.0006625,3
ykair,294,0.0004417,2
taraiin,295,0.0004417,2
kody,296,0.0004417,2
qool,297,0.0004417,2
dyky,298,0.0004417,2
sarol,299,0.0004417,2
dshdy,300,0.0004417,2
chdain,301,0.0004417,2
lain,302,0.0004417,2
dytydy,303,0.0004417,2
okedal,304,0.0004417,2
qody,305,0.0004417,2
chesy,306,0.0004417,2
ydaiin,307,0.0004417,2
qokchey,308,0.0004417,2
chedysar,309,0.0004417,2
odam,310,0.0004417,2
lchy,311,0.0004417,2
chcthdy,312,0.0004417,2
qotchy,313,0.0004417,2
cphey,314,0.0004417,2
ykeol,315,0.0004417,2
ykeos,316,0.0004417,2
olchy,317,0.0004417,2
pchdar,318,0.0004417,2
okoldy,319,0.0004417,2
shekeey,320,0.0004417,2
arar,321,0.0004417,2
chepy,322,0.0004417,2
ols,323,0.0004417,2
sheodaiin,324,0.0004417,2
choky,325,0.0004417,2
chty,326,0.0004417,2
ykey,327,0.0004417,2
qotol,328,0.0004417,2
chkal,329,0.0004417,2
okeeos,330,0.0004417,2
ror,331,0.0004417,2
oltedy,332,0.0004417,2
okol,333,0.0004417,2
olsheol,334,0.0004417,2
chedain,335,0.0004417,2
choty,336,0.0004417,2
chckhd,337,0.0004417,2
tchy,338,0.0004417,2
qokshedy,339,0.0004417,2
orair,340,0.0004417,2
ykeody,341,0.0004417,2
ckhdy,342,0.0004417,2
daiiin,343,0.0004417,2
kchey,344,0.0004417,2
qolkeey,345,0.0004417,2
kaldaiin,346,0.0004417,2
sy,347,0.0004417,2
cthar,348,0.0004417,2
qoeeedy,349,0.0004417,2
solkedy,350,0.0004417,2
shees,351,0.0004417,2
sheet,352,0.0004417,2
ckhey,353,0.0004417,2
olaiir,354,0.0004417,2
otody,355,0.0004417,2
sheety,356,0.0004417,2
qor,357,0.0004417,2
ydain,358,0.0004417,2
chear,359,0.0004417,2
yshey,360,0.0004417,2
laiin,361,0.0004417,2
qolshey,362,0.0004417,2
shety,363,0.0004417,2
ytar,364,0.0004417,2
qekchdy,365,0.0004417,2
octhey,366,0.0004417,2
okeos,367,0.0004417,2
t,368,0.0004417,2
olol,369,0.0004417,2
tolchedy,370,0.0004417,2
chos,371,0.0004417,2
ot,372,0.0004417,2
os,373,0.0004417,2
as,374,0.0004417,2
qolsheedy,375,0.0004417,2
qokdy,376,0.0004417,2
tair,377,0.0004417,2
cheeos,378,0.0004417,2
qoteol,379,0.0004417,2
chcphedy,380,0.0004417,2
qopchedy,381,0.0004417,2
qokeedar,382,0.0004417,2
a,383,0.0004417,2
dykedy,384,0.0004417,2
kaldy,385,0.0004417,2
tody,386,0.0004417,2
oleeedy,387,0.0004417,2
okedar,388,0.0004417,2
saino,389,0.0004417,2
dsheol,390,0.0004417,2
qolain,391,0.0004417,2
ysheey,392,0.0004417,2
dlshedy,393,0.0004417,2
oaiin,394,0.0004417,2
ary,395,0.0004417,2
okchd,396,0.0004417,2
opal,397,0.0004417,2
opar,398,0.0004417,2
eedy,399,0.0004417,2
tcheo,400,0.0004417,2
tchey,401,0.0004417,2
ofchdy,402,0.0004417,2
chkedy,403,0.0004417,2
qokas,404,0.0004417,2
chedaiin,405,0.0004417,2
dalol,406,0.0004417,2
oldaiin,407,0.0004417,2
qotaly,408,0.0004417,2
dalor,409,0.0004417,2
alchdy,410,0.0004417,2
cheolchey,411,0.0004417,2
ytaiin,412,0.0004417,2
ytain,413,0.0004417,2
cham,414,0.0004417,2
chodaiin,415,0.0004417,2
shekchy,416,0.0004417,2
dals,417,0.0004417,2
cheockhy,418,0.0004417,2
kchy,419,0.0004417,2
edy,420,0.0004417,2
eees,421,0.0004417,2
tchdy,422,0.0004417,2
olar,423,0.0004417,2
sheod,424,0.0004417,2
lkain,425,0.0004417,2
dokal,426,0.0004417,2
chd,427,0.0004417,2
che,428,0.0004417,2
chdaiin,429,0.0004417,2
chl,430,0.0004417,2
lsheody,431,0.0004417,2
olfchedy,432,0.0004417,2
dl,433,0.0004417,2
okedor,434,0.0004417,2
otoly,435,0.0004417,2
shckhey,436,0.0004417,2
chetey,437,0.0004417,2
oked,438,0.0004417,2
okeo,439,0.0004417,2
qotchedy,440,0.0004417,2
alchedy,441,0.0004417,2
opcheey,442,0.0004417,2
olkain,443,0.0004417,2
tokar,444,0.0004417,2
ockhedy,445,0.0004417,2
sshey,446,0.0004417,2
ykeeo,447,0.0004417,2
qokchedy,448,0.0004417,2
lo,449,0.0004417,2
lsheedy,450,0.0004417,2
chekain,451,0.0004417,2
qoly,452,0.0004417,2
chefchy,453,0.0004417,2
okshedy,454,0.0004417,2
aiiny,455,0.0004417,2
otary,456,0.0004417,2
daim,457,0.0004417,2
qofchedy,458,0.0004417,2
shek,459,0.0004417,2
raiin,460,0.0004417,2
ykeechy,461,0.0004417,2
daram,462,0.0004417,2
oldam,463,0.0004417,2
ykaiir,464,0.0004417,2
shedam,465,0.0004417,2
cheekaiin,466,0.0002208,1
kotody,467,0.0002208,1
lsheey,468,0.0002208,1
shtol,469,0.0002208,1
pcheety,470,0.0002208,1
oteod,471,0.0002208,1
oteor,472,0.0002208,1
oteos,473,0.0002208,1
daldar,474,0.0002208,1
kshy,475,0.0002208,1
dshey,476,0.0002208,1
cheodys,477,0.0002208,1
ariin,478,0.0002208,1
qokalom,479,0.0002208,1
pcheeody,480,0.0002208,1
sheykaiiin,481,0.0002208,1
qodary,482,0.0002208,1
chet,483,0.0002208,1
opchety,484,0.0002208,1
chep,485,0.0002208,1
opalkechckhy,486,0.0002208,1
okeedal,487,0.0002208,1
olshty,488,0.0002208,1
chef,489,0.0002208,1
ched,490,0.0002208,1
qotes,491,0.0002208,1
chdyshdy,492,0.0002208,1
cheo,493,0.0002208,1
okear,494,0.0002208,1
olsheed,495,0.0002208,1
okeedchsy,496,0.0002208,1
sheetey,497,0.0002208,1
kcheody,498,0.0002208,1
oekeedy,499,0.0002208,1
chetedar,500,0.0002208,1
chodal,501,0.0002208,1
k,502,0.0002208,1
chockhdy,503,0.0002208,1
qokaloro,504,0.0002208,1
shykchedy,505,0.0002208,1
chodar,506,0.0002208,1
sheoeky,507,0.0002208,1
octhy,508,0.0002208,1
cheoky,509,0.0002208,1
saral,510,0.0002208,1
ykady,511,0.0002208,1
sheeoly,512,0.0002208,1
dchykey,513,0.0002208,1
kedaiiin,514,0.0002208,1
chtedy,515,0.0002208,1
chaiin,516,0.0002208,1
qoor,517,0.0002208,1
potchokor,518,0.0002208,1
dodl,519,0.0002208,1
dody,520,0.0002208,1
chetedy,521,0.0002208,1
ytchos,522,0.0002208,1
shese,523,0.0002208,1
otaroldy,524,0.0002208,1
orsheolo,525,0.0002208,1
polshy,526,0.0002208,1
cheetam,527,0.0002208,1
ycheo,528,0.0002208,1
opalshedy,529,0.0002208,1
dalain,530,0.0002208,1
ypchseds,531,0.0002208,1
sheockhy,532,0.0002208,1
ychoopy,533,0.0002208,1
sheshy,534,0.0002208,1
xaloeees,535,0.0002208,1
qotody,536,0.0002208,1
lkey,537,0.0002208,1
lkeo,538,0.0002208,1
sheols,539,0.0002208,1
tsheokeedy,540,0.0002208,1
tochey,541,0.0002208,1
oykeedy,542,0.0002208,1
solkchy,543,0.0002208,1
lshety,544,0.0002208,1
dytey,545,0.0002208,1
chedyqokam,546,0.0002208,1
dalshd,547,0.0002208,1
qopaiin,548,0.0002208,1
ytodaiin,549,0.0002208,1
olkam,550,0.0002208,1
qokoralshes,551,0.0002208,1
damdr,552,0.0002208,1
olkar,553,0.0002208,1
cpheeg,554,0.0002208,1
qokedam,555,0.0002208,1
arody,556,0.0002208,1
arodl,557,0.0002208,1
qoloin,558,0.0002208,1
qoolkalshedy,559,0.0002208,1
dsholdaiir,560,0.0002208,1
qolkey,561,0.0002208,1
qokydy,562,0.0002208,1
parchdy,563,0.0002208,1
ry,564,0.0002208,1
dairykodas,565,0.0002208,1
olchef,566,0.0002208,1
ykeeol,567,0.0002208,1
ssheckhy,568,0.0002208,1
fchdar,569,0.0002208,1
sheolkedy,570,0.0002208,1
dchdar,571,0.0002208,1
dchedytchddy,572,0.0002208,1
qotychedaiir,573,0.0002208,1
yshos,574,0.0002208,1
cholody,575,0.0002208,1
todeeey,576,0.0002208,1
oltchy,577,0.0002208,1
qokchyly,578,0.0002208,1
odeeedy,579,0.0002208,1
choetchy,580,0.0002208,1
ytairaiin,581,0.0002208,1
rotaiin,582,0.0002208,1
sokeedy,583,0.0002208,1
sholfordaiin,584,0.0002208,1
schdy,585,0.0002208,1
ltain,586,0.0002208,1
okedam,587,0.0002208,1
lpchdy,588,0.0002208,1
qotolcheo,589,0.0002208,1
yteeey,590,0.0002208,1
chekcheey,591,0.0002208,1
ytsheod,592,0.0002208,1
rchedy,593,0.0002208,1
tshedar,594,0.0002208,1
cheop,595,0.0002208,1
kodary,596,0.0002208,1
tchedar,597,0.0002208,1
dainy,598,0.0002208,1
todaly,599,0.0002208,1
cheod,600,0.0002208,1
qokolshedy,601,0.0002208,1
otarain,602,0.0002208,1
ral,603,0.0002208,1
ram,604,0.0002208,1
okeshy,605,0.0002208,1
lkaiin,606,0.0002208,1
okalolshedy,607,0.0002208,1
lsheesaiin,608,0.0002208,1
ykchol,609,0.0002208,1
tocpheey,610,0.0002208,1
chechey,611,0.0002208,1
qoekaiin,612,0.0002208,1
qokair,613,0.0002208,1
sheoteoly,614,0.0002208,1
shedykain,615,0.0002208,1
schedy,616,0.0002208,1
shokain,617,0.0002208,1
ykeoaiin,618,0.0002208,1
qokeeo,619,0.0002208,1
ocheain,620,0.0002208,1
odal,621,0.0002208,1
oain,622,0.0002208,1
ldar,623,0.0002208,1
odas,624,0.0002208,1
qoteoly,625,0.0002208,1
do,626,0.0002208,1
odair,627,0.0002208,1
sheeol,628,0.0002208,1
dg,629,0.0002208,1
qockhey,630,0.0002208,1
da,631,0.0002208,1
ychty,632,0.0002208,1
shepchdy,633,0.0002208,1
yteeod,634,0.0002208,1
dasar,635,0.0002208,1
cholkal,636,0.0002208,1
oldair,637,0.0002208,1
okeolor,638,0.0002208,1
shekol,639,0.0002208,1
otcheodaiin,640,0.0002208,1
cholkar,641,0.0002208,1
dasam,642,0.0002208,1
ykdy,643,0.0002208,1
saim,644,0.0002208,1
olsheedy,645,0.0002208,1
oloaiin,646,0.0002208,1
pchdaiin,647,0.0002208,1
chefain,648,0.0002208,1
ockhody,649,0.0002208,1
cheyky,650,0.0002208,1
oiin,651,0.0002208,1
lchoar,652,0.0002208,1
checfhy,653,0.0002208,1
otarcho,654,0.0002208,1
tolshso,655,0.0002208,1
ytody,656,0.0002208,1
chedyty,657,0.0002208,1
qotddyar,658,0.0002208,1
shtalcheedy,659,0.0002208,1
yteody,660,0.0002208,1
chefchol,661,0.0002208,1
pcheody,662,0.0002208,1
pchtchdy,663,0.0002208,1
cfhol,664,0.0002208,1
eeees,665,0.0002208,1
qokechdy,666,0.0002208,1
ykeod,667,0.0002208,1
ykcheolchcthy,668,0.0002208,1
sheolol,669,0.0002208,1
rain,670,0.0002208,1
charor,671,0.0002208,1
sches,672,0.0002208,1
alkey,673,0.0002208,1
lsheckhy,674,0.0002208,1
darshed,675,0.0002208,1
pcheocphy,676,0.0002208,1
thy,677,0.0002208,1
darsheo,678,0.0002208,1
cpheody,679,0.0002208,1
qoin,680,0.0002208,1
darchd,681,0.0002208,1
kaly,682,0.0002208,1
tolsheor,683,0.0002208,1
dcheedy,684,0.0002208,1
oeeeos,685,0.0002208,1
dcheol,686,0.0002208,1
olcheol,687,0.0002208,1
pcheykeeor,688,0.0002208,1
oteochey,689,0.0002208,1
lchar,690,0.0002208,1
lch,691,0.0002208,1
old,692,0.0002208,1
olk,693,0.0002208,1
oll,694,0.0002208,1
choolkeey,695,0.0002208,1
cheked,696,0.0002208,1
oralody,697,0.0002208,1
qorain,698,0.0002208,1
yky,699,0.0002208,1
chckhysal,700,0.0002208,1
qoear,701,0.0002208,1
peeo,702,0.0002208,1
chpsheedy,703,0.0002208,1
shochol,704,0.0002208,1
loldy,705,0.0002208,1
qokaindy,706,0.0002208,1
jyl,707,0.0002208,1
qoteey,708,0.0002208,1
alshey,709,0.0002208,1
qotees,710,0.0002208,1
shekaiiin,711,0.0002208,1
qoteed,712,0.0002208,1
shokaiir,713,0.0002208,1
qotan,714,0.0002208,1
dalorchedy,715,0.0002208,1
qotam,716,0.0002208,1
qokaiir,717,0.0002208,1
chepakeo,718,0.0002208,1
shokaiin,719,0.0002208,1
ykesho,720,0.0002208,1
shotchdy,721,0.0002208,1
otchody,722,0.0002208,1
saraiir,723,0.0002208,1
schees,724,0.0002208,1
ykeo,725,0.0002208,1
chekeos,726,0.0002208,1
lsan,727,0.0002208,1
cphdor,728,0.0002208,1
chdolaiin,729,0.0002208,1
cheekeody,730,0.0002208,1
qotor,731,0.0002208,1
spaiin,732,0.0002208,1
qokaldar,733,0.0002208,1
okalshedy,734,0.0002208,1
okedals,735,0.0002208,1
dalkal,736,0.0002208,1
okalcheg,737,0.0002208,1
fchdy,738,0.0002208,1
techy,739,0.0002208,1
chokal,740,0.0002208,1
chedykar,741,0.0002208,1
qctheed,742,0.0002208,1
qoeekeedy,743,0.0002208,1
otoldaiin,744,0.0002208,1
sheeockhy,745,0.0002208,1
pchey,746,0.0002208,1
oqokain,747,0.0002208,1
otardam,748,0.0002208,1
lkeey,749,0.0002208,1
dalkeedy,750,0.0002208,1
chtaiin,751,0.0002208,1
chkar,752,0.0002208,1
qotsheod,753,0.0002208,1
shos,754,0.0002208,1
okchedy,755,0.0002208,1
okeeor,756,0.0002208,1
shcthey,757,0.0002208,1
olkeedam,758,0.0002208,1
tedochshd,759,0.0002208,1
ordaiin,760,0.0002208,1
chefalchhs,761,0.0002208,1
dalchdy,762,0.0002208,1
chotal,763,0.0002208,1
araldy,764,0.0002208,1
olsheor,765,0.0002208,1
dykaly,766,0.0002208,1
qoy,767,0.0002208,1
shedey,768,0.0002208,1
chedar,769,0.0002208,1
shkair,770,0.0002208,1
oteeod,771,0.0002208,1
okeeylchedy,772,0.0002208,1
p,773,0.0002208,1
olkedaiin,774,0.0002208,1
laraly,775,0.0002208,1
kedar,776,0.0002208,1
shok,777,0.0002208,1
olchadiin,778,0.0002208,1
ordy,779,0.0002208,1
shepchy,780,0.0002208,1
darody,781,0.0002208,1
toees,782,0.0002208,1
ydy,783,0.0002208,1
olkardam,784,0.0002208,1
adeeody,785,0.0002208,1
lokar,786,0.0002208,1
kalshs,787,0.0002208,1
oloeedy,788,0.0002208,1
orsheckhy,789,0.0002208,1
okeesal,790,0.0002208,1
oteeyldaiin,791,0.0002208,1
todar,792,0.0002208,1
peshy,793,0.0002208,1
qokolchedy,794,0.0002208,1
cphedam,795,0.0002208,1
dshal,796,0.0002208,1
oor,797,0.0002208,1
chefaiin,798,0.0002208,1
lteedy,799,0.0002208,1
kcheo,800,0.0002208,1
sakaiin,801,0.0002208,1
shekaly,802,0.0002208,1
opolde,803,0.0002208,1
otalchd,804,0.0002208,1
otaky,805,0.0002208,1
dshor,806,0.0002208,1
sl,807,0.0002208,1
dshol,808,0.0002208,1
yokeey,809,0.0002208,1
checthedy,810,0.0002208,1
rshey,811,0.0002208,1
lsh,812,0.0002208,1
qopchy,813,0.0002208,1
oqoky,814,0.0002208,1
sheodal,815,0.0002208,1
chpadar,816,0.0002208,1
dairaly,817,0.0002208,1
tedain,818,0.0002208,1
rshedy,819,0.0002208,1
pshdaiin,820,0.0002208,1
octhedy,821,0.0002208,1
olchdar,822,0.0002208,1
shcthedy,823,0.0002208,1
opaldy,824,0.0002208,1
qoko,825,0.0002208,1
ey,826,0.0002208,1
psheor,827,0.0002208,1
cheoet,828,0.0002208,1
qoain,829,0.0002208,1
dydydy,830,0.0002208,1
okarar,831,0.0002208,1
tcheodal,832,0.0002208,1
darchedy,833,0.0002208,1
cheoseesey,834,0.0002208,1
qolal,835,0.0002208,1
okcheey,836,0.0002208,1
ysheeod,837,0.0002208,1
fcheodal,838,0.0002208,1
yches,839,0.0002208,1
alshckhy,840,0.0002208,1
dalchey,841,0.0002208,1
okalchedy,842,0.0002208,1
qolkary,843,0.0002208,1
chckheedlchedy,844,0.0002208,1
oteodar,845,0.0002208,1
qekar,846,0.0002208,1
polchedy,847,0.0002208,1
chokoraiin,848,0.0002208,1
sheep,849,0.0002208,1
okody,850,0.0002208,1
okaldg,851,0.0002208,1
seekeeey,852,0.0002208,1
oleeol,853,0.0002208,1
sheeo,854,0.0002208,1
qolkeeoly,855,0.0002208,1
qotydy,856,0.0002208,1
olked,857,0.0002208,1
olkeechy,858,0.0002208,1
taipar,859,0.0002208,1
dalteoshy,860,0.0002208,1
chady,861,0.0002208,1
sheolcheky,862,0.0002208,1
raiiin,863,0.0002208,1
cholkeeol,864,0.0002208,1
qofair,865,0.0002208,1
orchey,866,0.0002208,1
dkar,867,0.0002208,1
opshedal,868,0.0002208,1
tshed,869,0.0002208,1
pshdar,870,0.0002208,1
lcheedy,871,0.0002208,1
pair,872,0.0002208,1
lkeeody,873,0.0002208,1
dykeedain,874,0.0002208,1
chcfhdy,875,0.0002208,1
alshy,876,0.0002208,1
salf,877,0.0002208,1
saly,878,0.0002208,1
otchealkar,879,0.0002208,1
chtol,880,0.0002208,1
pshesy,881,0.0002208,1
yteytedykar,882,0.0002208,1
qot,883,0.0002208,1
keeey,884,0.0002208,1
qop,885,0.0002208,1
saiir,886,0.0002208,1
cheam,887,0.0002208,1
qod,888,0.0002208,1
shod,889,0.0002208,1
qok,890,0.0002208,1
sheyqoky,891,0.0002208,1
okeeody,892,0.0002208,1
chkeeey,893,0.0002208,1
olkchy,894,0.0002208,1
okeedyqol,895,0.0002208,1
ctheety,896,0.0002208,1
yshee,897,0.0002208,1
dalchedy,898,0.0002208,1
eeeckhy,899,0.0002208,1
sholqoty,900,0.0002208,1
chsdy,901,0.0002208,1
cholal,902,0.0002208,1
ltsholy,903,0.0002208,1
lcheyloly,904,0.0002208,1
ypairy,905,0.0002208,1
sorchedy,906,0.0002208,1
tarodaiin,907,0.0002208,1
ykaly,908,0.0002208,1
qofo,909,0.0002208,1
dairal,910,0.0002208,1
etaiin,911,0.0002208,1
dcheeky,912,0.0002208,1
okedody,913,0.0002208,1
qokee,914,0.0002208,1
qokeg,915,0.0002208,1
por,916,0.0002208,1
keesytaly,917,0.0002208,1
yteched,918,0.0002208,1
orolkain,919,0.0002208,1
qokes,920,0.0002208,1
ypchedpy,921,0.0002208,1
otalched,922,0.0002208,1
folor,923,0.0002208,1
chdody,924,0.0002208,1
keshdy,925,0.0002208,1
opchekaiin,926,0.0002208,1
ytedykor,927,0.0002208,1
qopy,928,0.0002208,1
keoy,929,0.0002208,1
okshy,930,0.0002208,1
qokalchedy,931,0.0002208,1
damched,932,0.0002208,1
chepchefy,933,0.0002208,1
ckheos,934,0.0002208,1
dalshdy,935,0.0002208,1
ylaiiny,936,0.0002208,1
dalky,937,0.0002208,1
dykeody,938,0.0002208,1
chokeey,939,0.0002208,1
salchedy,940,0.0002208,1
lfchdy,941,0.0002208,1
shecphy,942,0.0002208,1
chorshedy,943,0.0002208,1
otaldiin,944,0.0002208,1
cheeodam,945,0.0002208,1
qeeey,946,0.0002208,1
octhody,947,0.0002208,1
shefeeedy,948,0.0002208,1
tedaiin,949,0.0002208,1
otolol,950,0.0002208,1
qofcheepy,951,0.0002208,1
otedair,952,0.0002208,1
cphy,953,0.0002208,1
loees,954,0.0002208,1
cheykeedy,955,0.0002208,1
chcphdy,956,0.0002208,1
qofshy,957,0.0002208,1
sholkshy,958,0.0002208,1
yksheol,959,0.0002208,1
otalam,960,0.0002208,1
shckheody,961,0.0002208,1
sairain,962,0.0002208,1
dara,963,0.0002208,1
teoteey,964,0.0002208,1
aldydy,965,0.0002208,1
kechdy,966,0.0002208,1
shedaiin,967,0.0002208,1
dold,968,0.0002208,1
doly,969,0.0002208,1
taros,970,0.0002208,1
dols,971,0.0002208,1
shofol,972,0.0002208,1
ssheol,973,0.0002208,1
talody,974,0.0002208,1
yfor,975,0.0002208,1
podair,976,0.0002208,1
cheooky,977,0.0002208,1
chofochephdy,978,0.0002208,1
olos,979,0.0002208,1
oloy,980,0.0002208,1
odaiiin,981,0.0002208,1
om,982,0.0002208,1
taral,983,0.0002208,1
od,984,0.0002208,1
karal,985,0.0002208,1
karam,986,0.0002208,1
alkeishy,987,0.0002208,1
qockhdy,988,0.0002208,1
choy,989,0.0002208,1
lsheetal,990,0.0002208,1
chekair,991,0.0002208,1
doteey,992,0.0002208,1
dyolshedy,993,0.0002208,1
qotesy,994,0.0002208,1
los,995,0.0002208,1
toar,996,0.0002208,1
shets,997,0.0002208,1
salkeey,998,0.0002208,1
olcheky,999,0.0002208,1
dairody,1000,0.0002208,1
oteoly,1001,0.0002208,1
aldar,1002,0.0002208,1
dcheckhey,1003,0.0002208,1
ofcheefar,1004,0.0002208,1
faimy,1005,0.0002208,1
podaiin,1006,0.0002208,1
lklchey,1007,0.0002208,1
ai,1008,0.0002208,1
okeshey,1009,0.0002208,1
opch,1010,0.0002208,1
lkamo,1011,0.0002208,1
chctho,1012,0.0002208,1
sheeoldy,1013,0.0002208,1
choar,1014,0.0002208,1
tchodain,1015,0.0002208,1
dcheey,1016,0.0002208,1
qeedy,1017,0.0002208,1
chypchey,1018,0.0002208,1
aofchal,1019,0.0002208,1
shekeod,1020,0.0002208,1
ycheedy,1021,0.0002208,1
oras,1022,0.0002208,1
otedeey,1023,0.0002208,1
kcheeky,1024,0.0002208,1
chockhy,1025,0.0002208,1
olldlshedy,1026,0.0002208,1
qolshdy,1027,0.0002208,1
qolaiin,1028,0.0002208,1
pdalshor,1029,0.0002208,1
oram,1030,0.0002208,1
lrar,1031,0.0002208,1
qokshd,1032,0.0002208,1
qoteo,1033,0.0002208,1
ald,1034,0.0002208,1
chetchey,1035,0.0002208,1
qoted,1036,0.0002208,1
qotey,1037,0.0002208,1
qokshy,1038,0.0002208,1
als,1039,0.0002208,1
tain,1040,0.0002208,1
ochey,1041,0.0002208,1
cheeoy,1042,0.0002208,1
chekol,1043,0.0002208,1
far,1044,0.0002208,1
fas,1045,0.0002208,1
cheeor,1046,0.0002208,1
cheeol,1047,0.0002208,1
tosheo,1048,0.0002208,1
oteodaiin,1049,0.0002208,1
okeoam,1050,0.0002208,1
kolpy,1051,0.0002208,1
qoetchey,1052,0.0002208,1
qckhsy,1053,0.0002208,1
adoldy,1054,0.0002208,1
oltchedy,1055,0.0002208,1
yteeol,1056,0.0002208,1
aiirchar,1057,0.0002208,1
ollchy,1058,0.0002208,1
kchedykary,1059,0.0002208,1
tochsy,1060,0.0002208,1
roiin,1061,0.0002208,1
qokydaiin,1062,0.0002208,1
chkey,1063,0.0002208,1
rory,1064,0.0002208,1
qokeeey,1065,0.0002208,1
lcheylo,1066,0.0002208,1
shefchdy,1067,0.0002208,1
lkolchedy,1068,0.0002208,1
cphody,1069,0.0002208,1
shlches,1070,0.0002208,1
olkchedy,1071,0.0002208,1
dyckhy,1072,0.0002208,1
soin,1073,0.0002208,1
echedy,1074,0.0002208,1
shckhar,1075,0.0002208,1
teey,1076,0.0002208,1
okchody,1077,0.0002208,1
chetas,1078,0.0002208,1
chetar,1079,0.0002208,1
kamdy,1080,0.0002208,1
ofchtar,1081,0.0002208,1
solsheol,1082,0.0002208,1
chekaly,1083,0.0002208,1
chckh,1084,0.0002208,1
qoiiin,1085,0.0002208,1
eeedy,1086,0.0002208,1
ykeescheg,1087,0.0002208,1
cheodor,1088,0.0002208,1
tolkchdy,1089,0.0002208,1
pdsairy,1090,0.0002208,1
qofchdal,1091,0.0002208,1
cheoraly,1092,0.0002208,1
chepchx,1093,0.0002208,1
dydy,1094,0.0002208,1
okeeey,1095,0.0002208,1
rshed,1096,0.0002208,1
alsheyykedy,1097,0.0002208,1
shekal,1098,0.0002208,1
shekam,1099,0.0002208,1
qeokeey,1100,0.0002208,1
ololdy,1101,0.0002208,1
opakorols,1102,0.0002208,1
eeody,1103,0.0002208,1
okag,1104,0.0002208,1
keeolchedy,1105,0.0002208,1
eyykeedy,1106,0.0002208,1
oeeey,1107,0.0002208,1
shckhefy,1108,0.0002208,1
oeeed,1109,0.0002208,1
sholdy,1110,0.0002208,1
chealy,1111,0.0002208,1
otylshed,1112,0.0002208,1
olchdaiin,1113,0.0002208,1
cheokar,1114,0.0002208,1
yfoldy,1115,0.0002208,1
qodaiin,1116,0.0002208,1
deedy,1117,0.0002208,1
tolkeoldain,1118,0.0002208,1
tshokeody,1119,0.0002208,1
dedy,1120,0.0002208,1
yk,1121,0.0002208,1
qopdy,1122,0.0002208,1
yl,1123,0.0002208,1
alaldy,1124,0.0002208,1
qolcheey,1125,0.0002208,1
olkeol,1126,0.0002208,1
ychdykchdy,1127,0.0002208,1
lkodol,1128,0.0002208,1
dyfchdy,1129,0.0002208,1
opchaly,1130,0.0002208,1
okorar,1131,0.0002208,1
oteorom,1132,0.0002208,1
chekody,1133,0.0002208,1
psheody,1134,0.0002208,1
olalor,1135,0.0002208,1
okalshdy,1136,0.0002208,1
loly,1137,0.0002208,1
asy,1138,0.0002208,1
sheckhey,1139,0.0002208,1
otalor,1140,0.0002208,1
keedey,1141,0.0002208,1
cfhekchdy,1142,0.0002208,1
ycheey,1143,0.0002208,1
qolsa,1144,0.0002208,1
ychees,1145,0.0002208,1
sheeody,1146,0.0002208,1
kol,1147,0.0002208,1
chpchedy,1148,0.0002208,1
kchoy,1149,0.0002208,1
olsheckhy,1150,0.0002208,1
yfody,1151,0.0002208,1
ofarfardam,1152,0.0002208,1
akar,1153,0.0002208,1
tchdaiin,1154,0.0002208,1
oksheyqolkeey,1155,0.0002208,1
okolchy,1156,0.0002208,1
ypches,1157,0.0002208,1
qoteeod,1158,0.0002208,1
tolkain,1159,0.0002208,1
pchdol,1160,0.0002208,1
ytshedy,1161,0.0002208,1
dardam,1162,0.0002208,1
oedain,1163,0.0002208,1
aralos,1164,0.0002208,1
fdykain,1165,0.0002208,1
amam,1166,0.0002208,1
kan,1167,0.0002208,1
kam,1168,0.0002208,1
otolchedy,1169,0.0002208,1
qoekedy,1170,0.0002208,1
tolshey,1171,0.0002208,1
ykeedl,1172,0.0002208,1
ka,1173,0.0002208,1
ke,1174,0.0002208,1
ykeeodam,1175,0.0002208,1
ldaiin,1176,0.0002208,1
sheocthy,1177,0.0002208,1
ychekeeor,1178,0.0002208,1
ykeeodar,1179,0.0002208,1
otolches,1180,0.0002208,1
ky,1181,0.0002208,1
ytarody,1182,0.0002208,1
lshdyqo,1183,0.0002208,1
dalorain,1184,0.0002208,1
sarair,1185,0.0002208,1
cheedls,1186,0.0002208,1
shykol,1187,0.0002208,1
chelal,1188,0.0002208,1
ysaiin,1189,0.0002208,1
sharain,1190,0.0002208,1
arain,1191,0.0002208,1
chxar,1192,0.0002208,1
chkain,1193,0.0002208,1
yaiin,1194,0.0002208,1
cphhofy,1195,0.0002208,1
oiiin,1196,0.0002208,1
ykeols,1197,0.0002208,1
sofcham,1198,0.0002208,1
lalchedy,1199,0.0002208,1
kalchdy,1200,0.0002208,1
ykolor,1201,0.0002208,1
ykofar,1202,0.0002208,1
kchyty,1203,0.0002208,1
pchdair,1204,0.0002208,1
arl,1205,0.0002208,1
sheekar,1206,0.0002208,1
orcheeky,1207,0.0002208,1
qotedshedy,1208,0.0002208,1
ysair,1209,0.0002208,1
qolkeedy,1210,0.0002208,1
ckhol,1211,0.0002208,1
pshar,1212,0.0002208,1
porar,1213,0.0002208,1
cheotey,1214,0.0002208,1
sols,1215,0.0002208,1
qopchey,1216,0.0002208,1
c,1217,0.0002208,1
kshdy,1218,0.0002208,1
chdol,1219,0.0002208,1
dolky,1220,0.0002208,1
paiin,1221,0.0002208,1
shokshdy,1222,0.0002208,1
qokshdy,1223,0.0002208,1
chdor,1224,0.0002208,1
todydy,1225,0.0002208,1
olchckhy,1226,0.0002208,1
tshol,1227,0.0002208,1
xar,1228,0.0002208,1
ytedytedy,1229,0.0002208,1
chls,1230,0.0002208,1
arakaiin,1231,0.0002208,1
tocthy,1232,0.0002208,1
chechdaiin,1233,0.0002208,1
pchof,1234,0.0002208,1
shekair,1235,0.0002208,1
kedaiin,1236,0.0002208,1
kodal,1237,0.0002208,1
chtey,1238,0.0002208,1
opshdy,1239,0.0002208,1
cheoar,1240,0.0002208,1
tchypchody,1241,0.0002208,1
kcheedchdy,1242,0.0002208,1
sheokeol,1243,0.0002208,1
chedchey,1244,0.0002208,1
shal,1245,0.0002208,1
okeeedy,1246,0.0002208,1
shkchey,1247,0.0002208,1
ytydy,1248,0.0002208,1
shedshey,1249,0.0002208,1
chyty,1250,0.0002208,1
otoldy,1251,0.0002208,1
kolkedy,1252,0.0002208,1
cheodal,1253,0.0002208,1
ytecheol,1254,0.0002208,1
qokan,1255,0.0002208,1
fschedal,1256,0.0002208,1
shdydy,1257,0.0002208,1
qosheckhey,1258,0.0002208,1
dchey,1259,0.0002208,1
ykchey,1260,0.0002208,1
choteey,1261,0.0002208,1
yshedair,1262,0.0002208,1
qoykam,1263,0.0002208,1
lpcheesolar,1264,0.0002208,1
ychy,1265,0.0002208,1
yfcheky,1266,0.0002208,1
okardy,1267,0.0002208,1
shckhedy,1268,0.0002208,1
shddy,1269,0.0002208,1
solchedy,1270,0.0002208,1
dalkar,1271,0.0002208,1
oteed,1272,0.0002208,1
cheeksheey,1273,0.0002208,1
shckhdchy,1274,0.0002208,1
qoteedar,1275,0.0002208,1
olyly,1276,0.0002208,1
otees,1277,0.0002208,1
qokeos,1278,0.0002208,1
pcheodchy,1279,0.0002208,1
ksheo,1280,0.0002208,1
tcheoshy,1281,0.0002208,1
qokeol,1282,0.0002208,1
choly,1283,0.0002208,1
otaryotedy,1284,0.0002208,1
olkeedy,1285,0.0002208,1
qokeorokeedy,1286,0.0002208,1
chcphy,1287,0.0002208,1
tcfhy,1288,0.0002208,1
ytor,1289,0.0002208,1
ytos,1290,0.0002208,1
yfchdy,1291,0.0002208,1
dykeedy,1292,0.0002208,1
ytol,1293,0.0002208,1
shekeefy,1294,0.0002208,1
keeyfaral,1295,0.0002208,1
qekaiin,1296,0.0002208,1
tarchor,1297,0.0002208,1
qockhedy,1298,0.0002208,1
pcheykshey,1299,0.0002208,1
chkorol,1300,0.0002208,1
ypchdaiin,1301,0.0002208,1
chedyqokey,1302,0.0002208,1
sypcheypchedy,1303,0.0002208,1
cheepaiin,1304,0.0002208,1
ypar,1305,0.0002208,1
lshcthy,1306,0.0002208,1
okeed,1307,0.0002208,1
polalchdy,1308,0.0002208,1
lolchedy,1309,0.0002208,1
qey,1310,0.0002208,1
chap,1311,0.0002208,1
dchekeedy,1312,0.0002208,1
qodeey,1313,0.0002208,1
scheos,1314,0.0002208,1
dardy,1315,0.0002208,1
ykykaiin,1316,0.0002208,1
ykeedal,1317,0.0002208,1
dalo,1318,0.0002208,1
chdaly,1319,0.0002208,1
okaiifchody,1320,0.0002208,1
ykeedar,1321,0.0002208,1
opshey,1322,0.0002208,1
e,1323,0.0002208,1
ypdyshedy,1324,0.0002208,1
dariin,1325,0.0002208,1
otedyl,1326,0.0002208,1
podylshed,1327,0.0002208,1
lshedary,1328,0.0002208,1
darchey,1329,0.0002208,1
opshes,1330,0.0002208,1
solkaiin,1331,0.0002208,1
lky,1332,0.0002208,1
okeodof,1333,0.0002208,1
teyteg,1334,0.0002208,1
qokchd,1335,0.0002208,1
qekytedar,1336,0.0002208,1
ofshod,1337,0.0002208,1
olal,1338,0.0002208,1
olam,1339,0.0002208,1
ctheey,1340,0.0002208,1
oror,1341,0.0002208,1
qolair,1342,0.0002208,1
oteykshdy,1343,0.0002208,1
olkeeey,1344,0.0002208,1
sheos,1345,0.0002208,1
orshey,1346,0.0002208,1
sheykar,1347,0.0002208,1
qoldar,1348,0.0002208,1
teodal,1349,0.0002208,1
qkor,1350,0.0002208,1
yfchey,1351,0.0002208,1
solshedy,1352,0.0002208,1
darajy,1353,0.0002208,1
kechody,1354,0.0002208,1
dardardy,1355,0.0002208,1
choraiin,1356,0.0002208,1
shekshey,1357,0.0002208,1
chckhyrom,1358,0.0002208,1
qodain,1359,0.0002208,1
olcheey,1360,0.0002208,1
chocpheod,1361,0.0002208,1
pcheoepchy,1362,0.0002208,1
polshdal,1363,0.0002208,1
dchdy,1364,0.0002208,1
talor,1365,0.0002208,1
ykeeey,1366,0.0002208,1
dalalshedy,1367,0.0002208,1
qokardy,1368,0.0002208,1
tchodaiin,1369,0.0002208,1
shdchdy,1370,0.0002208,1
chs,1371,0.0002208,1
shdaiin,1372,0.0002208,1
otchdain,1373,0.0002208,1
cheocthy,1374,0.0002208,1
doctho,1375,0.0002208,1
qocheky,1376,0.0002208,1
poleedaran,1377,0.0002208,1
otarairam,1378,0.0002208,1
dchdaldy,1379,0.0002208,1
chkeeod,1380,0.0002208,1
sholkal,1381,0.0002208,1
tadaiin,1382,0.0002208,1
talam,1383,0.0002208,1
daiiny,1384,0.0002208,1
daisog,1385,0.0002208,1
lotal,1386,0.0002208,1
alchey,1387,0.0002208,1
fary,1388,0.0002208,1
shedefam,1389,0.0002208,1
tchkaiin,1390,0.0002208,1
otedol,1391,0.0002208,1
pardy,1392,0.0002208,1
qotedal,1393,0.0002208,1
okedyd,1394,0.0002208,1
tarar,1395,0.0002208,1
oforam,1396,0.0002208,1
pdaiin,1397,0.0002208,1
otedor,1398,0.0002208,1
ykeeedy,1399,0.0002208,1
ryshey,1400,0.0002208,1
choekeey,1401,0.0002208,1
olkeeo,1402,0.0002208,1
ld,1403,0.0002208,1
pokain,1404,0.0002208,1
shckhed,1405,0.0002208,1
ls,1406,0.0002208,1
shedain,1407,0.0002208,1
qolp,1408,0.0002208,1
kchody,1409,0.0002208,1
ly,1410,0.0002208,1
chekl,1411,0.0002208,1
opdarshdy,1412,0.0002208,1
lkeol,1413,0.0002208,1
dychedy,1414,0.0002208,1
shapchedyfchy,1415,0.0002208,1
chepar,1416,0.0002208,1
ykedaiin,1417,0.0002208,1
cheytal,1418,0.0002208,1
okes,1419,0.0002208,1
tshdar,1420,0.0002208,1
orchecthy,1421,0.0002208,1
sheopam,1422,0.0002208,1
oepchol,1423,0.0002208,1
cthdaly,1424,0.0002208,1
qolsheol,1425,0.0002208,1
olshees,1426,0.0002208,1
sairokees,1427,0.0002208,1
teol,1428,0.0002208,1
oshepols,1429,0.0002208,1
soiin,1430,0.0002208,1
keed,1431,0.0002208,1
ykchy,1432,0.0002208,1
okechdy,1433,0.0002208,1
chteody,1434,0.0002208,1
shekody,1435,0.0002208,1
echy,1436,0.0002208,1
loiii,1437,0.0002208,1
alches,1438,0.0002208,1
qolpchedy,1439,0.0002208,1
qokear,1440,0.0002208,1
olkair,1441,0.0002208,1
qolkain,1442,0.0002208,1
kechodshey,1443,0.0002208,1
chocthy,1444,0.0002208,1
checthey,1445,0.0002208,1
pochedy,1446,0.0002208,1
oteoldy,1447,0.0002208,1
lcheey,1448,0.0002208,1
qokalchey,1449,0.0002208,1
pshedy,1450,0.0002208,1
odarshey,1451,0.0002208,1
ofair,1452,0.0002208,1
qoqokeey,1453,0.0002208,1
keodar,1454,0.0002208,1
chdalchdy,1455,0.0002208,1
ykedydy,1456,0.0002208,1
opches,1457,0.0002208,1
lchdal,1458,0.0002208,1
dolodal,1459,0.0002208,1
okeoraro,1460,0.0002208,1
dsheckhy,1461,0.0002208,1
poeeockhey,1462,0.0002208,1
lolkaiin,1463,0.0002208,1
sairol,1464,0.0002208,1
cheeody,1465,0.0002208,1
lshaiir,1466,0.0002208,1
dalyrd,1467,0.0002208,1
shetcheodchs,1468,0.0002208,1
cholchdy,1469,0.0002208,1
saryetedy,1470,0.0002208,1
chedyky,1471,0.0002208,1
ytchedal,1472,0.0002208,1
otaraly,1473,0.0002208,1
qololkeedy,1474,0.0002208,1
seeey,1475,0.0002208,1
dalcheeeky,1476,0.0002208,1
fchor,1477,0.0002208,1
daiiiny,1478,0.0002208,1
todalain,1479,0.0002208,1
odaiir,1480,0.0002208,1
shkakeedy,1481,0.0002208,1
qa,1482,0.0002208,1
shl,1483,0.0002208,1
okedalor,1484,0.0002208,1
psheoldy,1485,0.0002208,1
shepdaiin,1486,0.0002208,1
ykaky,1487,0.0002208,1
ycheos,1488,0.0002208,1
dld,1489,0.0002208,1
arod,1490,0.0002208,1
dly,1491,0.0002208,1
arol,1492,0.0002208,1
odchedy,1493,0.0002208,1
chcpheor,1494,0.0002208,1
chckham,1495,0.0002208,1
cheolchdy,1496,0.0002208,1
ked,1497,0.0002208,1
key,1498,0.0002208,1
ycheekeey,1499,0.0002208,1
qolkchey,1500,0.0002208,1
pdair,1501,0.0002208,1
ofaram,1502,0.0002208,1
shckhdy,1503,0.0002208,1
alaiin,1504,0.0002208,1
chdalor,1505,0.0002208,1
qokalchdy,1506,0.0002208,1
aiicthy,1507,0.0002208,1
koldy,1508,0.0002208,1
alys,1509,0.0002208,1
okarolom,1510,0.0002208,1
ysheor,1511,0.0002208,1
ysheos,1512,0.0002208,1
ador,1513,0.0002208,1
chaly,1514,0.0002208,1
ykecthey,1515,0.0002208,1
dykey,1516,0.0002208,1
chefchdy,1517,0.0002208,1
ydees,1518,0.0002208,1
shdalo,1519,0.0002208,1
oraly,1520,0.0002208,1
deeol,1521,0.0002208,1
dalaiin,1522,0.0002208,1
alaiiin,1523,0.0002208,1
ykol,1524,0.0002208,1
dackhy,1525,0.0002208,1
polarar,1526,0.0002208,1
chekeey,1527,0.0002208,1
cheeo,1528,0.0002208,1
ykor,1529,0.0002208,1
chefal,1530,0.0002208,1
ckhedy,1531,0.0002208,1
raral,1532,0.0002208,1
chkalykedy,1533,0.0002208,1
olkol,1534,0.0002208,1
olkor,1535,0.0002208,1
chekam,1536,0.0002208,1
shokeshy,1537,0.0002208,1
cholpchd,1538,0.0002208,1
schy,1539,0.0002208,1
ofy,1540,0.0002208,1
cholkeeey,1541,0.0002208,1
rkal,1542,0.0002208,1
cholchedy,1543,0.0002208,1
chedyl,1544,0.0002208,1
chpy,1545,0.0002208,1
otas,1546,0.0002208,1
ykshedy,1547,0.0002208,1
toeedy,1548,0.0002208,1
alolor,1549,0.0002208,1
ykan,1550,0.0002208,1
ykam,1551,0.0002208,1
ltedy,1552,0.0002208,1
keodaiin,1553,0.0002208,1
ydam,1554,0.0002208,1
xol,1555,0.0002208,1
qoyky,1556,0.0002208,1
otsh,1557,0.0002208,1
kedair,1558,0.0002208,1
pchedain,1559,0.0002208,1
sshok,1560,0.0002208,1
chetarsheod,1561,0.0002208,1
cphedy,1562,0.0002208,1
qef,1563,0.0002208,1
darom,1564,0.0002208,1
darol,1565,0.0002208,1
ralchl,1566,0.0002208,1
chedor,1567,0.0002208,1
cfhdy,1568,0.0002208,1
loral,1569,0.0002208,1
sheeeky,1570,0.0002208,1
chekeody,1571,0.0002208,1
llaiiry,1572,0.0002208,1
lorar,1573,0.0002208,1
darar,1574,0.0002208,1
shealsqokeey,1575,0.0002208,1
daral,1576,0.0002208,1
kchedydy,1577,0.0002208,1
rary,1578,0.0002208,1
qochy,1579,0.0002208,1
pchal,1580,0.0002208,1
sodaiin,1581,0.0002208,1
shocfhey,1582,0.0002208,1
oleeed,1583,0.0002208,1
axor,1584,0.0002208,1
dolarshydor,1585,0.0002208,1
chckheody,1586,0.0002208,1
cheeskardy,1587,0.0002208,1
oltey,1588,0.0002208,1
cholky,1589,0.0002208,1
shetey,1590,0.0002208,1
lolkeol,1591,0.0002208,1
tchod,1592,0.0002208,1
keeody,1593,0.0002208,1
solaiin,1594,0.0002208,1
feedly,1595,0.0002208,1
olshed,1596,0.0002208,1
dorsheefy,1597,0.0002208,1
shedar,1598,0.0002208,1
chekchy,1599,0.0002208,1
qotolqoky,1600,0.0002208,1
dodyd,1601,0.0002208,1
qoeedaiin,1602,0.0002208,1
chockh,1603,0.0002208,1
okyd,1604,0.0002208,1
dchos,1605,0.0002208,1
otysaiin,1606,0.0002208,1
chekydy,1607,0.0002208,1
kair,1608,0.0002208,1
pody,1609,0.0002208,1
